Metoda;D³ugoœæ kroku;x0(1);x0(2);x(1);x(2);f_calls;Minimum Globalne;Sukces
Hooke-Jeeves;0.1;-0.612217;-0.821249;-0.774716;-0.774716;145;1,23967; ;TAK
Hooke-Jeeves;0.1;-0.706493;0.669646;-0.774715;0.774715;176;1,23967; ;TAK
Hooke-Jeeves;0.1;-0.260326;-0.396182;-5.65738e-07;5.81593e-07;189;2,09623e-11; ;TAK
Hooke-Jeeves;0.1;-0.274137;-0.687661;-6.91816e-07;-0.774716;179;0,619837; ;TAK
Hooke-Jeeves;0.1;0.878995;0.409169;0.774716;0.774716;186;1,23967; ;TAK
Hooke-Jeeves;0.1;-0.73585;-0.760524;-0.774716;-0.774716;177;1,23967; ;TAK
Hooke-Jeeves;0.1;-0.430631;0.97458;-4.96232e-07;0.774716;178;0,619837; ;TAK
Hooke-Jeeves;0.1;0.174604;-0.683573;4.72165e-07;-0.774715;182;0,619837; ;TAK
Hooke-Jeeves;0.1;0.679606;-0.655472;0.774715;-0.774715;151;1,23967; ;TAK
Hooke-Jeeves;0.1;-0.268275;0.253345;5.22188e-07;-1.4164e-07;179;9,32165e-12; ;TAK
Hooke-Jeeves;0.1;0.701179;-0.942323;0.774716;-0.774716;181;1,23967; ;TAK
Hooke-Jeeves;0.1;-0.86595;-0.0420466;-0.774716;5.14305e-07;169;0,619837; ;TAK
Hooke-Jeeves;0.1;0.882412;-0.479415;0.774716;-0.774716;159;1,23967; ;TAK
Hooke-Jeeves;0.1;0.436855;-0.724913;0.774716;-0.774716;159;1,23967; ;TAK
Hooke-Jeeves;0.1;-0.0374211;-0.725604;-4.27587e-07;-0.774716;155;0,619837; ;TAK
Hooke-Jeeves;0.1;0.75983;-0.531891;0.774716;-0.774716;183;1,23967; ;TAK
Hooke-Jeeves;0.1;-0.396806;-0.0700384;1.50574e-07;-5.33551e-07;185;9,78684e-12; ;TAK
Hooke-Jeeves;0.1;-0.757834;-0.738327;-0.774715;-0.774715;166;1,23967; ;TAK
Hooke-Jeeves;0.1;-0.963446;-0.0656774;-0.774716;-4.75189e-07;173;0,619837; ;TAK
Hooke-Jeeves;0.1;0.0221814;-0.868923;-3.2877e-07;-0.774715;161;0,619837; ;TAK
Hooke-Jeeves;0.1;0.699701;-0.0820662;0.774716;1.80761e-07;160;0,619837; ;TAK
Hooke-Jeeves;0.1;0.310231;-0.000106693;-3.55913e-07;1.18285e-07;177;4,47908e-12; ;TAK
Hooke-Jeeves;0.1;-0.87004;-0.975676;-0.774715;-0.774716;159;1,23967; ;TAK
Hooke-Jeeves;0.1;-0.553796;-0.739855;-0.774716;-0.774715;182;1,23967; ;TAK
Hooke-Jeeves;0.1;0.925025;-0.0482329;0.774715;1.32784e-07;166;0,619837; ;TAK
Hooke-Jeeves;0.1;0.360368;0.250773;1.2939e-07;4.89468e-07;181;8,16192e-12; ;TAK
Hooke-Jeeves;0.1;-0.590821;-0.769209;-0.774716;-0.774716;174;1,23967; ;TAK
Hooke-Jeeves;0.1;-0.268785;-0.285882;1.89939e-08;1.21494e-07;187;4,81393e-13; ;TAK
Hooke-Jeeves;0.1;-0.199438;-0.666126;-7.4386e-07;-0.774716;167;0,619837; ;TAK
Hooke-Jeeves;0.1;0.0714077;-0.733052;-3.52543e-07;-0.774715;190;0,619837; ;TAK
Hooke-Jeeves;0.1;-0.766896;0.167676;-0.774716;6.79012e-07;183;0,619837; ;TAK
Hooke-Jeeves;0.1;-0.234624;-0.758353;-9.95294e-08;-0.774715;172;0,619837; ;TAK
Hooke-Jeeves;0.1;-0.106874;-0.94315;-3.17847e-07;-0.774716;181;0,619837; ;TAK
Hooke-Jeeves;0.1;-0.460651;-0.963714;-6.5073e-07;-0.774716;184;0,619837; ;TAK
Hooke-Jeeves;0.1;-0.666858;0.194499;-0.774716;-8.81567e-08;165;0,619837; ;TAK
Hooke-Jeeves;0.1;-0.617764;0.580434;-0.774716;0.774716;157;1,23967; ;TAK
Hooke-Jeeves;0.1;0.820253;0.468554;0.774715;0.774716;184;1,23967; ;TAK
Hooke-Jeeves;0.1;-0.772355;0.756263;-0.774715;0.774715;163;1,23967; ;TAK
Hooke-Jeeves;0.1;0.936097;-0.862391;0.774715;-0.774715;173;1,23967; ;TAK
Hooke-Jeeves;0.1;-0.309353;-0.137791;-5.44626e-07;5.18088e-07;165;1,79921e-11; ;TAK
Hooke-Jeeves;0.1;0.676314;-0.310642;0.774716;-3.64833e-07;166;0,619837; ;TAK
Hooke-Jeeves;0.1;0.642737;-0.296296;0.774716;2.5182e-07;197;0,619837; ;TAK
Hooke-Jeeves;0.1;-0.768992;-0.220947;-0.774716;2.11855e-07;174;0,619837; ;TAK
Hooke-Jeeves;0.1;0.629124;-0.456975;0.774716;2.85836e-07;207;0,619837; ;TAK
Hooke-Jeeves;0.1;0.453413;0.653234;0.774715;0.774716;161;1,23967; ;TAK
Hooke-Jeeves;0.1;-0.183413;0.918433;-5.68612e-07;0.774715;187;0,619837; ;TAK
Hooke-Jeeves;0.1;0.0722977;0.36592;6.7316e-08;0.774715;192;0,619837; ;TAK
Hooke-Jeeves;0.1;-0.837577;0.351741;-0.774715;-2.32944e-07;177;0,619837; ;TAK
Hooke-Jeeves;0.1;-0.852117;0.111452;-0.774716;-8.33773e-08;177;0,619837; ;TAK
Hooke-Jeeves;0.1;0.0874401;0.710822;-3.74668e-07;0.774716;160;0,619837; ;TAK
Hooke-Jeeves;0.1;-0.583612;0.724033;-0.774716;0.774716;159;1,23967; ;TAK
Hooke-Jeeves;0.1;-0.145428;-0.439632;1.09129e-07;-3.68384e-08;190;4,22329e-13; ;TAK
Hooke-Jeeves;0.1;0.704575;0.911964;0.774715;0.774715;184;1,23967; ;TAK
Hooke-Jeeves;0.1;-0.189477;0.0687093;7.40146e-07;5.0282e-07;192;2,54947e-11; ;TAK
Hooke-Jeeves;0.1;0.160416;0.415628;4.27278e-07;0.774716;190;0,619837; ;TAK
Hooke-Jeeves;0.1;0.291433;0.946523;-5.63076e-07;0.774715;181;0,619837; ;TAK
Hooke-Jeeves;0.1;0.49781;0.66041;0.774716;0.774715;146;1,23967; ;TAK
Hooke-Jeeves;0.1;0.371222;-0.335339;0.774716;4.66237e-07;186;0,619837; ;TAK
Hooke-Jeeves;0.1;-0.577625;0.131459;-0.774716;-4.80081e-07;173;0,619837; ;TAK
Hooke-Jeeves;0.1;-0.412775;-0.843242;2.38355e-08;-0.774716;175;0,619837; ;TAK
Hooke-Jeeves;0.1;-0.746912;-0.992932;-0.774716;-0.774716;180;1,23967; ;TAK
Hooke-Jeeves;0.1;0.339587;-0.808277;-2.37136e-07;-0.774716;210;0,619837; ;TAK
Hooke-Jeeves;0.1;0.285241;-0.846387;6.74297e-07;-0.774716;206;0,619837; ;TAK
Hooke-Jeeves;0.1;-0.596774;-0.171232;-0.774716;2.57817e-07;173;0,619837; ;TAK
Hooke-Jeeves;0.1;-0.265102;-0.553314;7.07347e-07;-0.774716;184;0,619837; ;TAK
Hooke-Jeeves;0.1;-0.314271;-0.244396;2.43967e-07;7.12996e-07;198;1,80829e-11; ;TAK
Hooke-Jeeves;0.1;0.876527;-0.487619;0.774716;-0.774716;192;1,23967; ;TAK
Hooke-Jeeves;0.1;0.695748;0.679323;0.774715;0.774716;158;1,23967; ;TAK
Hooke-Jeeves;0.1;0.236226;0.676824;-2.29627e-07;0.774716;188;0,619837; ;TAK
Hooke-Jeeves;0.1;0.28221;-0.799627;7.1502e-08;-0.774716;191;0,619837; ;TAK
Hooke-Jeeves;0.1;-0.498618;0.029973;-0.774715;1.33493e-07;181;0,619837; ;TAK
Hooke-Jeeves;0.1;0.807609;0.941276;0.774715;0.774716;193;1,23967; ;TAK
Hooke-Jeeves;0.1;0.378037;0.632728;0.774715;0.774716;152;1,23967; ;TAK
Hooke-Jeeves;0.1;-0.426616;-0.607735;-4.71565e-07;-0.774716;184;0,619837; ;TAK
Hooke-Jeeves;0.1;-0.0488856;0.651614;5.34794e-07;0.774715;159;0,619837; ;TAK
Hooke-Jeeves;0.1;0.92539;-0.199988;0.774715;-2.28778e-07;128;0,619837; ;TAK
Hooke-Jeeves;0.1;0.659218;-0.0131461;0.774716;-6.94187e-07;159;0,619837; ;TAK
Hooke-Jeeves;0.1;0.857634;-0.21798;0.774716;5.55359e-07;173;0,619837; ;TAK
Hooke-Jeeves;0.1;-0.166481;0.14021;4.36871e-07;1.16965e-07;164;6,51301e-12; ;TAK
Hooke-Jeeves;0.1;0.777429;-0.635052;0.774716;-0.774716;160;1,23967; ;TAK
Hooke-Jeeves;0.1;-0.584412;0.817944;-0.774715;0.774716;188;1,23967; ;TAK
Hooke-Jeeves;0.1;0.287507;-0.855796;-2.93035e-07;-0.774715;160;0,619837; ;TAK
Hooke-Jeeves;0.1;-0.0136607;0.868329;5.18867e-07;0.774716;171;0,619837; ;TAK
Hooke-Jeeves;0.1;0.360223;0.51186;-5.50192e-07;0.774716;195;0,619837; ;TAK
Hooke-Jeeves;0.1;0.68928;0.570531;0.774716;0.774715;176;1,23967; ;TAK
Hooke-Jeeves;0.1;0.0145379;0.115878;-6.55013e-07;-6.96543e-07;183;2,91109e-11; ;TAK
Hooke-Jeeves;0.1;-0.64384;-0.286631;-0.774716;3.30174e-07;188;0,619837; ;TAK
Hooke-Jeeves;0.1;0.683828;-0.832439;0.774716;-0.774715;176;1,23967; ;TAK
Hooke-Jeeves;0.1;-0.00851912;-0.550856;-1.34383e-07;-0.774715;183;0,619837; ;TAK
Hooke-Jeeves;0.1;-0.204641;-0.542141;6.00594e-07;-0.774716;174;0,619837; ;TAK
Hooke-Jeeves;0.1;-0.434605;0.0519197;7.23874e-07;1.94224e-07;182;1,78866e-11; ;TAK
Hooke-Jeeves;0.1;0.00421113;-0.806491;-2.9691e-07;-0.774716;160;0,619837; ;TAK
Hooke-Jeeves;0.1;0.931629;0.968007;0.774716;0.774716;171;1,23967; ;TAK
Hooke-Jeeves;0.1;-0.974454;0.0101419;-0.774715;-6.3652e-07;175;0,619837; ;TAK
Hooke-Jeeves;0.1;0.305845;0.579633;-3.77288e-07;0.774715;163;0,619837; ;TAK
Hooke-Jeeves;0.1;0.391305;-0.927358;0.774716;-0.774716;187;1,23967; ;TAK
Hooke-Jeeves;0.1;0.736505;-0.207782;0.774716;-4.38418e-07;158;0,619837; ;TAK
Hooke-Jeeves;0.1;0.306185;-0.74735;-5.26253e-07;-0.774716;184;0,619837; ;TAK
Hooke-Jeeves;0.1;0.78557;-0.922944;0.774715;-0.774715;160;1,23967; ;TAK
Hooke-Jeeves;0.1;0.0762964;0.690151;-5.52295e-07;0.774715;162;0,619837; ;TAK
Hooke-Jeeves;0.5;0.842735;0.253422;0.774716;0.774715;192;1,23967; ;TAK
Hooke-Jeeves;0.5;0.838718;-0.592138;0.774715;0.774715;192;1,23967; ;TAK
Hooke-Jeeves;0.5;0.458867;-0.32274;0.774717;9.09696e-08;190;0,619837; ;TAK
Hooke-Jeeves;0.5;0.915802;-0.800278;0.774715;-0.774715;187;1,23967; ;TAK
Hooke-Jeeves;0.5;-0.455629;-0.576867;-8.43285e-08;0.774716;215;0,619837; ;TAK
Hooke-Jeeves;0.5;-0.624595;0.375616;0.774716;0.774715;181;1,23967; ;TAK
Hooke-Jeeves;0.5;-0.469353;0.355403;8.87465e-08;0.774716;176;0,619837; ;TAK
Hooke-Jeeves;0.5;0.63345;0.267986;1.21318e-07;0.774715;176;0,619837; ;TAK
Hooke-Jeeves;0.5;-0.548503;0.118405;0.774716;3.92372e-07;176;0,619837; ;TAK
Hooke-Jeeves;0.5;-0.774982;0.820536;-0.774715;0.774716;179;1,23967; ;TAK
Hooke-Jeeves;0.5;0.106478;0.959707;5.34619e-07;0.774715;191;0,619837; ;TAK
Hooke-Jeeves;0.5;0.689009;-0.309;0.774716;1.54839;197;3,09838; ;TAK
Hooke-Jeeves;0.5;0.527117;-0.396418;-3.52811e-08;-8.29028e-07;192;2,19247e-11; ;TAK
Hooke-Jeeves;0.5;0.868439;-0.933817;0.774715;0.774715;201;1,23967; ;TAK
Hooke-Jeeves;0.5;-0.427356;-0.253355;8.22659e-07;0.774716;207;0,619837; ;TAK
Hooke-Jeeves;0.5;-0.826454;0.479021;-0.774715;0.774715;198;1,23967; ;TAK
Hooke-Jeeves;0.5;-0.972797;0.482451;1.19169e-07;0.774716;198;0,619837; ;TAK
Hooke-Jeeves;0.5;-0.234925;0.346947;-0.774716;0.774715;183;1,23967; ;TAK
Hooke-Jeeves;0.5;-0.776146;-0.273177;-0.774715;1.54839;195;3,09838; ;TAK
Hooke-Jeeves;0.5;0.954402;-0.702899;0.774716;-0.774715;170;1,23967; ;TAK
Hooke-Jeeves;0.5;0.271561;0.36313;0.774716;0.774717;192;1,23967; ;TAK
Hooke-Jeeves;0.5;0.229942;-0.751518;1.5484;-0.774717;185;3,09838; ;TAK
Hooke-Jeeves;0.5;-0.725056;-0.743168;-0.774716;-0.774715;170;1,23967; ;TAK
Hooke-Jeeves;0.5;-0.428732;0.00823151;-5.24859e-07;-6.04058e-07;177;2,03908e-11; ;TAK
Hooke-Jeeves;0.5;-0.330228;0.336959;4.02416e-07;0.774716;191;0,619837; ;TAK
Hooke-Jeeves;0.5;0.345814;-0.321379;0.774716;-4.12218e-07;190;0,619837; ;TAK
Hooke-Jeeves;0.5;-0.448494;0.979312;4.30898e-07;0.774716;177;0,619837; ;TAK
Hooke-Jeeves;0.5;0.840299;-0.47717;0.774715;-8.40501e-07;195;0,619837; ;TAK
Hooke-Jeeves;0.5;0.335214;0.907063;0.774717;0.774716;180;1,23967; ;TAK
Hooke-Jeeves;0.5;-0.0645202;-0.870563;-2.75775e-07;-0.774716;167;0,619837; ;TAK
Hooke-Jeeves;0.5;0.912569;-0.689764;0.774716;-0.774715;207;1,23967; ;TAK
Hooke-Jeeves;0.5;0.33765;-0.467228;0.774715;2.53098e-07;145;0,619837; ;TAK
Hooke-Jeeves;0.5;-0.183097;-0.0464529;-0.774715;5.85138e-07;313;0,619837; ;TAK
Hooke-Jeeves;0.5;0.848944;0.609995;0.774716;-6.5793e-08;176;0,619837; ;TAK
Hooke-Jeeves;0.5;-0.550391;-0.178754;0.774715;0.774716;258;1,23967; ;TAK
Hooke-Jeeves;0.5;0.460409;-0.586517;0.774716;0.774715;165;1,23967; ;TAK
Hooke-Jeeves;0.5;-0.519423;-0.645229;0.774715;0.774716;196;1,23967; ;TAK
Hooke-Jeeves;0.5;0.366251;-0.893911;0.774716;-0.774715;185;1,23967; ;TAK
Hooke-Jeeves;0.5;0.519806;0.884362;-3.05304e-07;0.774716;153;0,619837; ;TAK
Hooke-Jeeves;0.5;0.195319;0.144954;1.5484;-8.4409e-07;180;2,47854; ;TAK
Hooke-Jeeves;0.5;-0.637688;-0.339736;0.774715;-6.38272e-07;198;0,619837; ;TAK
Hooke-Jeeves;0.5;0.935822;-0.00233157;0.774716;-7.86348e-07;187;0,619837; ;TAK
Hooke-Jeeves;0.5;0.51064;0.78435;9.06648e-07;0.774716;175;0,619837; ;TAK
Hooke-Jeeves;0.5;0.926967;0.806532;0.774717;0.774716;185;1,23967; ;TAK
Hooke-Jeeves;0.5;0.513031;-0.751101;-3.47283e-07;-0.774716;186;0,619837; ;TAK
Hooke-Jeeves;0.5;-0.179332;-0.429832;0.774716;5.23007e-07;194;0,619837; ;TAK
Hooke-Jeeves;0.5;0.637356;0.815581;-7.50993e-08;0.774716;208;0,619837; ;TAK
Hooke-Jeeves;0.5;-0.825787;-0.190127;-0.774716;-0.774716;201;1,23967; ;TAK
Hooke-Jeeves;0.5;0.560253;0.543321;6.81509e-08;8.69032e-07;167;2,41958e-11; ;TAK
Hooke-Jeeves;0.5;-0.442195;-0.905883;6.80123e-07;0.774716;333;0,619837; ;TAK
Hooke-Jeeves;0.5;-0.852141;-0.253735;-0.774716;0.774715;216;1,23967; ;TAK
Hooke-Jeeves;0.5;0.313812;0.41729;0.774716;0.774716;161;1,23967; ;TAK
Hooke-Jeeves;0.5;-0.594073;0.286033;0.774716;0.774716;200;1,23967; ;TAK
Hooke-Jeeves;0.5;0.271108;0.818993;0.774715;0.774716;193;1,23967; ;TAK
Hooke-Jeeves;0.5;-0.633471;0.894912;0.774715;0.774717;184;1,23967; ;TAK
Hooke-Jeeves;0.5;0.86282;0.405365;0.774715;0.774715;166;1,23967; ;TAK
Hooke-Jeeves;0.5;-0.204803;0.473056;-0.774717;0.774715;192;1,23967; ;TAK
Hooke-Jeeves;0.5;0.883017;0.644821;0.774716;2.32636e-07;218;0,619837; ;TAK
Hooke-Jeeves;0.5;0.78658;-0.868216;0.774716;-0.774715;155;1,23967; ;TAK
Hooke-Jeeves;0.5;-0.178002;0.828281;0.774715;0.774715;241;1,23967; ;TAK
Hooke-Jeeves;0.5;0.326732;-0.160955;0.774717;0.774716;192;1,23967; ;TAK
Hooke-Jeeves;0.5;-0.794421;-0.991286;-0.774716;-5.21083e-07;174;0,619837; ;TAK
Hooke-Jeeves;0.5;-0.568709;0.543713;0.774716;1.32765e-07;198;0,619837; ;TAK
Hooke-Jeeves;0.5;-0.155627;-0.5539;0.774715;0.774716;205;1,23967; ;TAK
Hooke-Jeeves;0.5;0.213541;-0.0816693;1.5484;-4.52851e-07;207;2,47854; ;TAK
Hooke-Jeeves;0.5;0.623464;0.720421;-3.65618e-07;0.774715;185;0,619837; ;TAK
Hooke-Jeeves;0.5;-0.848322;-0.675996;-0.774715;0.774716;195;1,23967; ;TAK
Hooke-Jeeves;0.5;0.413823;0.857456;0.774716;0.774715;201;1,23967; ;TAK
Hooke-Jeeves;0.5;-0.499891;-0.84886;4.76893e-07;-0.774715;162;0,619837; ;TAK
Hooke-Jeeves;0.5;-0.67978;0.269839;0.774716;0.774716;198;1,23967; ;TAK
Hooke-Jeeves;0.5;-0.324901;-0.567527;7.33753e-07;0.774716;195;0,619837; ;TAK
Hooke-Jeeves;0.5;0.125343;0.964261;-6.51683e-07;0.774716;154;0,619837; ;TAK
Hooke-Jeeves;0.5;-0.499614;-0.156056;8.0709e-07;0.774715;186;0,619837; ;TAK
Hooke-Jeeves;0.5;0.596337;0.454494;7.27505e-07;0.774715;193;0,619837; ;TAK
Hooke-Jeeves;0.5;-0.0449282;-0.246878;-5.85899e-07;-0.774716;167;0,619837; ;TAK
Hooke-Jeeves;0.5;-0.824728;-0.524363;-0.774715;0.774715;174;1,23967; ;TAK
Hooke-Jeeves;0.5;-0.0449222;-0.0396996;-3.16791e-07;-7.68671e-08;162;3,38352e-12; ;TAK
Hooke-Jeeves;0.5;-0.56901;0.323152;0.774717;0.774715;176;1,23967; ;TAK
Hooke-Jeeves;0.5;0.306543;-0.0382838;0.774715;5.22249e-07;177;0,619837; ;TAK
Hooke-Jeeves;0.5;-0.976735;-0.0521001;-5.97634e-07;-9.17574e-07;215;3,81828e-11; ;TAK
Hooke-Jeeves;0.5;0.428933;-0.0120513;0.774715;-7.05361e-07;192;0,619837; ;TAK
Hooke-Jeeves;0.5;-0.467013;0.080253;-3.37943e-07;-5.95918e-07;193;1,49445e-11; ;TAK
Hooke-Jeeves;0.5;0.456152;-0.426399;0.774715;3.14751e-07;207;0,619837; ;TAK
Hooke-Jeeves;0.5;0.417593;-0.456208;0.774715;-3.9659e-07;199;0,619837; ;TAK
Hooke-Jeeves;0.5;0.934493;0.7828;0.774715;0.774715;187;1,23967; ;TAK
Hooke-Jeeves;0.5;-0.690106;0.536155;-0.774716;-8.65668e-07;190;0,619837; ;TAK
Hooke-Jeeves;0.5;-0.635852;0.85204;0.774717;0.774716;192;1,23967; ;TAK
Hooke-Jeeves;0.5;0.810763;0.748744;0.774716;0.774716;166;1,23967; ;TAK
Hooke-Jeeves;0.5;0.961695;0.571551;0.774716;8.23023e-07;191;0,619837; ;TAK
Hooke-Jeeves;0.5;0.856772;-0.121528;0.774716;7.33623e-07;170;0,619837; ;TAK
Hooke-Jeeves;0.5;-0.567416;-0.818199;0.774716;-0.774715;200;1,23967; ;TAK
Hooke-Jeeves;0.5;0.260668;-0.195593;0.774716;-0.774716;183;1,23967; ;TAK
Hooke-Jeeves;0.5;-0.951033;0.124005;0.774717;8.03369e-07;196;0,619837; ;TAK
Hooke-Jeeves;0.5;0.911947;0.930598;0.774715;0.774716;169;1,23967; ;TAK
Hooke-Jeeves;0.5;0.148238;-0.784188;6.63558e-07;-0.774716;176;0,619837; ;TAK
Hooke-Jeeves;0.5;0.665646;-0.481569;9.34643e-08;4.26683e-07;192;6,07558e-12; ;TAK
Hooke-Jeeves;0.5;-0.35225;0.389174;-7.34285e-07;0.774716;196;0,619837; ;TAK
Hooke-Jeeves;0.5;0.793002;-0.724733;0.774716;-0.774716;183;1,23967; ;TAK
Hooke-Jeeves;0.5;-0.677187;0.727215;0.774716;0.774716;180;1,23967; ;TAK
Hooke-Jeeves;0.5;-0.468683;0.295612;6.78045e-07;0.774715;193;0,619837; ;TAK
Hooke-Jeeves;1;0.263543;0.454414;-0.774716;0.774716;194;1,23967; ;TAK
Hooke-Jeeves;1;0.59972;0.0797336;3.181e-07;6.82245e-07;195;1,80433e-11; ;TAK
Hooke-Jeeves;1;0.24705;-0.890551;-0.774716;-3.27508e-07;198;0,619837; ;TAK
Hooke-Jeeves;1;0.760017;-0.540419;0.774715;0.774715;195;1,23967; ;TAK
Hooke-Jeeves;1;-0.739445;-0.692109;-0.774716;-0.774716;187;1,23967; ;TAK
Hooke-Jeeves;1;-0.569272;0.911991;0.774716;2.4286e-07;188;0,619837; ;TAK
Hooke-Jeeves;1;0.659584;-0.620026;-4.66109e-07;0.774715;202;0,619837; ;TAK
Hooke-Jeeves;1;-0.272367;-0.668938;0.774716;0.774715;201;1,23967; ;TAK
Hooke-Jeeves;1;-0.41972;0.405461;-3.20427e-07;0.774716;210;0,619837; ;TAK
Hooke-Jeeves;1;-0.871619;-0.914702;-7.3592e-07;-1.93035e-07;203;1,84319e-11; ;TAK
Hooke-Jeeves;1;0.794095;-0.204459;0.774716;0.774715;196;1,23967; ;TAK
Hooke-Jeeves;1;0.0522982;-0.862391;5.69403e-07;-3.29618e-07;212;1,37836e-11; ;TAK
Hooke-Jeeves;1;-0.231463;-0.014313;0.774716;-2.46108e-07;169;0,619837; ;TAK
Hooke-Jeeves;1;0.425067;0.868869;0.774716;0.774716;191;1,23967; ;TAK
Hooke-Jeeves;1;0.371822;-0.15313;0.774715;0.774715;221;1,23967; ;TAK
Hooke-Jeeves;1;-0.781801;-0.483777;-0.774715;8.03719e-07;241;0,619837; ;TAK
Hooke-Jeeves;1;-0.0308383;0.249088;-3.22933e-07;-0.774716;142;0,619837; ;TAK
Hooke-Jeeves;1;-0.792303;0.204506;-0.774715;-0.774715;188;1,23967; ;TAK
Hooke-Jeeves;1;0.327839;0.685905;0.774716;0.774715;225;1,23967; ;TAK
Hooke-Jeeves;1;-0.975386;0.643404;-1.17589e-07;-1.41093e-07;203;1,07425e-12; ;TAK
Hooke-Jeeves;1;0.617191;0.431124;-5.94312e-07;0.774716;189;0,619837; ;TAK
Hooke-Jeeves;1;-0.73704;-0.0963607;-0.774716;4.35025e-07;185;0,619837; ;TAK
Hooke-Jeeves;1;0.763283;-0.203463;0.774716;0.774716;188;1,23967; ;TAK
Hooke-Jeeves;1;-0.224703;-0.970513;0.774715;-4.43342e-07;178;0,619837; ;TAK
Hooke-Jeeves;1;0.281909;-0.163979;-0.774716;0.774717;165;1,23967; ;TAK
Hooke-Jeeves;1;0.206505;0.821714;-0.774715;0.774715;183;1,23967; ;TAK
Hooke-Jeeves;1;-0.212631;-0.865804;0.774716;6.16369e-07;201;0,619837; ;TAK
Hooke-Jeeves;1;-0.146462;-0.704981;0.774716;-0.774716;201;1,23967; ;TAK
Hooke-Jeeves;1;-0.447996;0.826716;1.68578e-07;0.774716;169;0,619837; ;TAK
Hooke-Jeeves;1;-0.853561;-0.528773;3.52848e-08;0.774716;202;0,619837; ;TAK
Hooke-Jeeves;1;-0.811315;0.839514;-0.774716;0.774716;217;1,23967; ;TAK
Hooke-Jeeves;1;-0.908488;-0.96057;0.0915121;0.0394295;1003;0,304858; ;NIE
Hooke-Jeeves;1;-0.29143;0.951423;0.774715;-7.27449e-07;403;0,619837; ;TAK
Hooke-Jeeves;1;-0.725146;0.522913;-0.774716;3.0542e-07;205;0,619837; ;TAK
Hooke-Jeeves;1;0.78877;0.0255176;0.774715;-7.89983e-07;182;0,619837; ;TAK
Hooke-Jeeves;1;-0.840341;-0.983772;3.41891e-07;-1.37857e-07;184;4,32721e-12; ;TAK
Hooke-Jeeves;1;-0.671029;-0.701254;0.774715;-0.774715;201;1,23967; ;TAK
Hooke-Jeeves;1;0.798195;-0.0213641;0.774716;1.51862e-07;175;0,619837; ;TAK
Hooke-Jeeves;1;-0.905966;-0.339535;-6.20753e-07;-5.16017e-07;211;2,07487e-11; ;TAK
Hooke-Jeeves;1;0.880117;0.240914;-3.27584e-07;-0.774715;174;0,619837; ;TAK
Hooke-Jeeves;1;-0.654269;0.218447;0.774716;-0.774717;158;1,23967; ;TAK
Hooke-Jeeves;1;-0.312426;0.137408;0.774715;3.75932e-07;481;0,619837; ;TAK
Hooke-Jeeves;1;-0.301635;-0.34136;0.774716;5.35376e-07;210;0,619837; ;TAK
Hooke-Jeeves;1;-0.419117;0.904629;2.42174e-07;-5.84725e-08;339;1,97642e-12; ;TAK
Hooke-Jeeves;1;-0.291806;0.11946;0.774716;6.47675e-07;410;0,619837; ;TAK
Hooke-Jeeves;1;0.100179;-0.0356229;-1.94717e-07;6.34316e-07;194;1,40195e-11; ;TAK
Hooke-Jeeves;1;0.821433;0.194963;0.774717;-0.774716;181;1,23967; ;TAK
Hooke-Jeeves;1;-0.945282;0.597828;-4.44437e-07;1.85959e-08;192;6,30074e-12; ;TAK
Hooke-Jeeves;1;-0.253124;0.636664;0.774716;6.31566e-07;183;0,619837; ;TAK
Hooke-Jeeves;1;-0.285769;0.291373;0.774717;-0.774715;172;1,23967; ;TAK
Hooke-Jeeves;1;0.828948;0.104437;0.774716;5.93049e-07;189;0,619837; ;TAK
Hooke-Jeeves;1;-0.712606;0.0739275;-0.774715;6.00066e-07;182;0,619837; ;TAK
Hooke-Jeeves;1;0.412555;-0.410511;0.774716;4.25964e-07;225;0,619837; ;TAK
Hooke-Jeeves;1;0.533445;-0.466254;-1.18775e-07;-8.33376e-07;179;2,25644e-11; ;TAK
Hooke-Jeeves;1;-0.81988;-0.212224;-0.774716;0.774716;165;1,23967; ;TAK
Hooke-Jeeves;1;-0.483677;-0.402565;2.56184e-07;-1.45123e-08;188;2,09655e-12; ;TAK
Hooke-Jeeves;1;-0.329484;-0.387725;7.7168e-07;7.25091e-07;194;3,57034e-11; ;TAK
Hooke-Jeeves;1;-0.995407;-0.569968;2.87958e-07;0.774715;196;0,619837; ;TAK
Hooke-Jeeves;1;0.507019;-0.149002;0.00701916;0.850998;1002;0,804915; ;NIE
Hooke-Jeeves;1;0.890142;0.510439;-5.33992e-07;-3.78621e-07;190;1,36446e-11; ;TAK
Hooke-Jeeves;1;0.116508;-0.0193631;-5.42914e-07;3.04754e-07;173;1,2343e-11; ;TAK
Hooke-Jeeves;1;-0.646644;0.691338;0.774716;0.774716;177;1,23967; ;TAK
Hooke-Jeeves;1;-0.252121;0.14354;0.774715;3.16701e-07;181;0,619837; ;TAK
Hooke-Jeeves;1;0.96994;-0.434063;-4.47505e-07;3.21652e-07;199;9,67137e-12; ;TAK
Hooke-Jeeves;1;-0.135776;0.672163;0.864224;-0.0778374;1001;1,0586; ;NIE
Hooke-Jeeves;1;-0.0365619;-0.490893;2.14207e-08;-1.37146e-07;203;6,13509e-13; ;TAK
Hooke-Jeeves;1;-0.423209;0.377937;-4.29116e-07;0.774715;462;0,619837; ;TAK
Hooke-Jeeves;1;-0.82122;-0.867965;-0.774717;6.97207e-07;217;0,619837; ;TAK
Hooke-Jeeves;1;-0.879298;0.850099;9.32169e-07;0.774715;219;0,619837; ;TAK
Hooke-Jeeves;1;0.158424;-0.369651;-8.03771e-07;3.04431e-07;225;2,3523e-11; ;TAK
Hooke-Jeeves;1;0.0138956;-0.713454;5.64944e-07;-0.774716;163;0,619837; ;TAK
Hooke-Jeeves;1;-0.756805;0.807183;-0.774715;0.774716;181;1,23967; ;TAK
Hooke-Jeeves;1;-0.360888;-0.993816;-7.73888e-07;1.1244e-07;203;1,94731e-11; ;TAK
Hooke-Jeeves;1;0.362291;0.037865;0.774715;3.64748e-07;210;0,619837; ;TAK
Hooke-Jeeves;1;-0.942842;0.80924;2.08643e-07;0.774715;187;0,619837; ;TAK
Hooke-Jeeves;1;-0.192613;-0.0925479;0.774716;5.05107e-07;179;0,619837; ;TAK
Hooke-Jeeves;1;0.950465;0.138105;3.60238e-07;-8.61821e-10;209;4,13225e-12; ;TAK
Hooke-Jeeves;1;-0.459738;0.12541;1.19901e-07;-4.73908e-07;229;7,60925e-12; ;TAK
Hooke-Jeeves;1;0.776817;0.645659;0.774715;4.45337e-07;196;0,619837; ;TAK
Hooke-Jeeves;1;-0.857087;-0.0892342;-4.84716e-07;-7.61798e-07;196;2,59606e-11; ;TAK
Hooke-Jeeves;1;0.516428;0.410511;-7.50695e-08;0.774715;194;0,619837; ;TAK
Hooke-Jeeves;1;0.338085;-0.128156;0.774715;0.774716;204;1,23967; ;TAK
Hooke-Jeeves;1;-0.379402;-0.747466;-4.81094e-08;-0.774716;211;0,619837; ;TAK
Hooke-Jeeves;1;0.765961;-0.924677;0.774716;-1.61615e-07;197;0,619837; ;TAK
Hooke-Jeeves;1;-0.767614;-0.0283999;-0.774716;5.09554e-07;190;0,619837; ;TAK
Hooke-Jeeves;1;-0.640918;0.0900754;0.774716;8.21074e-07;196;0,619837; ;TAK
Hooke-Jeeves;1;0.843411;-0.37411;0.774716;7.62967e-07;202;0,619837; ;TAK
Hooke-Jeeves;1;0.78122;-0.418331;0.774716;-1.25707e-07;213;0,619837; ;TAK
Hooke-Jeeves;1;0.879542;-0.00410643;2.58325e-07;8.70303e-08;188;2,36611e-12; ;TAK
Hooke-Jeeves;1;0.906025;-0.215719;4.19087e-07;0.774716;181;0,619837; ;TAK
Hooke-Jeeves;1;-0.999784;-0.669409;1.05974e-07;0.774715;177;0,619837; ;TAK
Hooke-Jeeves;1;0.365122;-0.540424;0.774716;0.774715;207;1,23967; ;TAK
Hooke-Jeeves;1;-0.0297671;0.449592;9.17393e-07;0.774715;222;0,619837; ;TAK
Hooke-Jeeves;1;-0.186748;0.231878;0.774716;-0.774716;174;1,23967; ;TAK
Hooke-Jeeves;1;-0.439305;0.574376;9.09397e-07;7.85484e-07;186;4,59801e-11; ;TAK
Hooke-Jeeves;1;0.799512;-0.837934;0.774716;3.41305e-07;204;0,619837; ;TAK
Hooke-Jeeves;1;0.0890282;0.881535;8.06329e-07;3.56226e-07;203;2,47438e-11; ;TAK
Hooke-Jeeves;1;0.849147;-0.160388;0.774717;0.774716;184;1,23967; ;TAK
Hooke-Jeeves;1;-0.533653;-0.310979;0.774715;0.774716;197;1,23967; ;TAK
Hooke-Jeeves;1;-0.546376;0.418991;0.774717;0.774715;201;1,23967; ;TAK
