0; 0; 
0,00450147; 0,0894354; 
0,0177662; 0,175246; 
0,0394263; 0,257325; 
0,0691036; 0,335578; 
0,106412; 0,409927; 
0,150957; 0,480307; 
0,202339; 0,546668; 
0,260155; 0,608972; 
0,323997; 0,667194; 
0,393457; 0,721323; 
0,468126; 0,771358; 
0,547593; 0,817311; 
0,631453; 0,859206; 
0,7193; 0,897075; 
0,810735; 0,930963; 
0,905362; 0,960924; 
1,00279; 0,987019; 
1,10264; 1,00932; 
1,20453; 1,02791; 
1,3081; 1,04287; 
1,41299; 1,05429; 
1,51884; 1,06229; 
1,62533; 1,06696; 
1,73213; 1,06841; 
1,83891; 1,06677; 
1,94538; 1,06215; 
2,05125; 1,05468; 
2,15623; 1,04449; 
2,26006; 1,0317; 
2,36249; 1,01647; 
2,46327; 0,998909; 
2,56219; 0,979169; 
2,65904; 0,957384; 
2,75361; 0,933693; 
2,84572; 0,908237; 
2,9352; 0,881153; 
3,0219; 0,852581; 
3,10567; 0,822658; 
3,18639; 0,79152; 
3,26394; 0,759301; 
3,33822; 0,726134; 
3,40914; 0,692149; 
3,47663; 0,657474; 
3,54062; 0,622233; 
3,60106; 0,586548; 
3,65791; 0,550537; 
3,71116; 0,514316; 
3,76077; 0,477995; 
3,80676; 0,441681; 
3,84911; 0,405478; 
3,88786; 0,369485; 
3,92302; 0,333795; 
3,95463; 0,2985; 
3,98274; 0,263685; 
4,00739; 0,229431; 
4,02864; 0,195814; 
4,04657; 0,162906; 
4,06125; 0,130774; 
4,07276; 0,0994806; 
4,08118; 0,0690829; 
4,08661; 0,039634; 
4,08914; 0,0111817; 
4,08888; -0,0162303; 
4,08593; -0,0425632; 
4,0804; -0,0677827; 
4,07241; -0,091859; 
4,06207; -0,114766; 
4,0495; -0,136484; 
4,03481; -0,156995; 
4,01814; -0,176285; 
3,9996; -0,194347; 
3,97931; -0,211175; 
3,9574; -0,226768; 
3,934; -0,241127; 
3,90922; -0,254259; 
3,88319; -0,266172; 
3,85602; -0,276878; 
3,82785; -0,286392; 
3,79878; -0,294733; 
3,76894; -0,301919; 
3,73844; -0,307976; 
3,70738; -0,312927; 
3,67589; -0,3168; 
3,64406; -0,319626; 
3,612; -0,321435; 
3,5798; -0,32226; 
3,54758; -0,322137; 
3,51541; -0,321101; 
3,48339; -0,31919; 
3,4516; -0,316441; 
3,42012; -0,312896; 
3,38904; -0,308593; 
3,35843; -0,303573; 
3,32835; -0,297878; 
3,29887; -0,29155; 
3,27006; -0,284629; 
3,24197; -0,277159; 
3,21465; -0,269182; 
3,18815; -0,260738; 
3,16251; -0,25187; 
3,13778; -0,242619; 
3,114; -0,233026; 
3,09119; -0,22313; 
3,06938; -0,212972; 
3,0486; -0,202591; 
3,02887; -0,192024; 
3,0102; -0,181308; 
2,99261; -0,170479; 
2,97611; -0,159573; 
2,9607; -0,148624; 
2,94639; -0,137664; 
2,93317; -0,126725; 
2,92104; -0,115837; 
2,91; -0,10503; 
2,90003; -0,0943308; 
2,89113; -0,0837662; 
2,88327; -0,0733611; 
2,87645; -0,0631392; 
2,87064; -0,0531226; 
2,86581; -0,0433322; 
2,86196; -0,0337873; 
2,85905; -0,0245058; 
2,85705; -0,0155043; 
2,85594; -0,00679777; 
2,85568; 0,00160005; 
2,85625; 0,00967689; 
2,8576; 0,0174218; 
2,85972; 0,0248254; 
2,86256; 0,0318792; 
2,86608; 0,0385766; 
2,87026; 0,0449117; 
2,87505; 0,0508802; 
2,88043; 0,056479; 
2,88634; 0,0617059; 
2,89275; 0,0665603; 
2,89964; 0,0710421; 
2,90695; 0,0751529; 
2,91466; 0,0788947; 
2,92272; 0,0822709; 
2,9311; 0,0852856; 
2,93976; 0,0879438; 
2,94867; 0,0902515; 
2,9578; 0,0922153; 
2,96711; 0,0938424; 
2,97656; 0,0951411; 
2,98612; 0,0961199; 
2,99577; 0,0967881; 
3,00547; 0,0971555; 
3,01519; 0,0972324; 
3,02491; 0,0970296; 
3,03459; 0,0965581; 
3,04421; 0,0958294; 
3,05375; 0,0948554; 
3,06318; 0,0936479; 
3,07247; 0,0922192; 
3,08161; 0,0905818; 
3,09058; 0,0887481; 
3,09936; 0,0867309; 
3,10792; 0,0845426; 
3,11626; 0,0821961; 
3,12436; 0,079704; 
3,1322; 0,0770788; 
3,13977; 0,074333; 
3,14706; 0,071479; 
3,15406; 0,068529; 
3,16076; 0,0654951; 
3,16716; 0,0623889; 
3,17324; 0,0592221; 
3,179; 0,0560061; 
3,18444; 0,0527517; 
3,18955; 0,0494697; 
3,19433; 0,0461706; 
3,19878; 0,0428642; 
3,2029; 0,0395604; 
3,20669; 0,0362685; 
3,21016; 0,0329973; 
3,21329; 0,0297554; 
3,21611; 0,0265509; 
3,21861; 0,0233915; 
3,22079; 0,0202846; 
3,22267; 0,017237; 
3,22424; 0,0142552; 
3,22552; 0,0113451; 
3,22651; 0,00851231; 
3,22722; 0,00576205; 
3,22767; 0,00309902; 
3,22785; 0,000527505; 
3,22778; -0,00194862; 
3,22746; -0,0043259; 
3,22691; -0,00660129; 
3,22614; -0,00877214; 
3,22516; -0,0108362; 
3,22398; -0,0127917; 
3,22261; -0,014637; 
3,22106; -0,0163712; 
3,21934; -0,0179933; 
3,21746; -0,0195032; 
3,21544; -0,0209006; 
3,21329; -0,0221858; 
3,21101; -0,0233594; 
3,20862; -0,0244223; 
3,20613; -0,0253756; 
3,20355; -0,0262207; 
3,20089; -0,0269593; 
3,19816; -0,0275934; 
3,19537; -0,0281249; 
3,19254; -0,0285564; 
3,18966; -0,0288902; 
3,18676; -0,0291293; 
3,18384; -0,0292763; 
3,18091; -0,0293345; 
3,17798; -0,0293069; 
3,17505; -0,029197; 
3,17214; -0,029008; 
3,16925; -0,0287436; 
3,16639; -0,0284073; 
3,16357; -0,0280027; 
3,16079; -0,0275337; 
3,15807; -0,0270039; 
3,1554; -0,0264172; 
3,15279; -0,0257774; 
3,15024; -0,0250883; 
3,14777; -0,0243537; 
3,14537; -0,0235774; 
3,14305; -0,0227633; 
3,14082; -0,021915; 
3,13867; -0,0210363; 
3,13661; -0,0201308; 
3,13465; -0,0192021; 
3,13277; -0,0182537; 
3,131; -0,017289; 
3,12932; -0,0163115; 
3,12774; -0,0153243; 
3,12625; -0,0143307; 
3,12487; -0,0133338; 
3,12359; -0,0123364; 
3,1224; -0,0113415; 
3,12132; -0,0103518; 
3,12033; -0,00936991; 
3,11944; -0,00839833; 
3,11865; -0,00743944; 
3,11795; -0,0064955; 
3,11735; -0,00556863; 
3,11684; -0,00466082; 
3,11642; -0,00377395; 
3,11608; -0,00290975; 
3,11584; -0,00206983; 
3,11567; -0,00125566; 
3,11558; -0,000468588; 
3,11558; 0,000290159; 
3,11564; 0,00101949; 
3,11578; 0,00171844; 
3,11598; 0,00238616; 
3,11625; 0,00302192; 
3,11659; 0,00362513; 
3,11698; 0,00419528; 
3,11742; 0,00473201; 
3,11792; 0,00523503; 
3,11847; 0,0057042; 
3,11906; 0,00613945; 
3,1197; 0,00654081; 
3,12037; 0,00690843; 
3,12108; 0,00724252; 
3,12182; 0,0075434; 
3,12259; 0,00781147; 
3,12338; 0,00804719; 
3,12419; 0,00825111; 
3,12503; 0,00842386; 
3,12588; 0,00856611; 
3,12674; 0,00867861; 
3,12761; 0,00876216; 
3,12849; 0,0088176; 
3,12937; 0,00884586; 
3,13026; 0,00884785; 
3,13114; 0,00882458; 
3,13202; 0,00877706; 
3,1329; 0,00870634; 
3,13376; 0,00861348; 
3,13462; 0,0084996; 
3,13546; 0,00836581; 
3,13629; 0,00821324; 
3,13711; 0,00804303; 
3,1379; 0,00785633; 
3,13868; 0,0076543; 
3,13943; 0,00743808; 
3,14016; 0,00720883; 
3,14087; 0,00696768; 
3,14156; 0,00671579; 
3,14222; 0,00645426; 
3,14285; 0,00618421; 
3,14345; 0,00590672; 
3,14403; 0,00562287; 
3,14458; 0,00533371; 
3,1451; 0,00504025; 
3,14558; 0,0047435; 
3,14604; 0,00444442; 
3,14647; 0,00414395; 
3,14687; 0,00384301; 
3,14724; 0,00354246; 
3,14758; 0,00324315; 
3,14789; 0,00294588; 
3,14817; 0,00265143; 
3,14842; 0,00236052; 
3,14864; 0,00207385; 
3,14884; 0,00179207; 
3,149; 0,00151581; 
3,14914; 0,00124564; 
3,14925; 0,000982109; 
3,14934; 0,000725708; 
3,1494; 0,000476901; 
3,14943; 0,000236111; 
3,14944; 3,72167e-06; 
3,14943; -0,000219922; 
3,1494; -0,000434513; 
3,14935; -0,000639781; 
3,14927; -0,000835493; 
3,14918; -0,00102145; 
3,14907; -0,00119749; 
3,14894; -0,0013635; 
3,1488; -0,00151936; 
3,14864; -0,00166502; 
3,14846; -0,00180046; 
3,14828; -0,00192566; 
3,14808; -0,00204066; 
3,14787; -0,00214552; 
3,14765; -0,00224032; 
3,14742; -0,00232517; 
3,14718; -0,0024002; 
3,14694; -0,00246557; 
3,14669; -0,00252145; 
3,14644; -0,00256805; 
3,14618; -0,00260558; 
3,14592; -0,00263428; 
3,14565; -0,00265439; 
3,14539; -0,00266619; 
3,14512; -0,00266995; 
3,14485; -0,00266597; 
3,14459; -0,00265454; 
3,14432; -0,00263599; 
3,14406; -0,00261063; 
3,1438; -0,0025788; 
3,14354; -0,00254081; 
3,14329; -0,00249703; 
3,14304; -0,00244778; 
3,1428; -0,00239342; 
3,14257; -0,0023343; 
3,14234; -0,00227075; 
3,14211; -0,00220313; 
3,1419; -0,00213179; 
3,14169; -0,00205706; 
3,14148; -0,0019793; 
3,14129; -0,00189882; 
3,1411; -0,00181597; 
3,14093; -0,00173108; 
3,14076; -0,00164445; 
3,1406; -0,0015564; 
3,14045; -0,00146724; 
3,1403; -0,00137726; 
3,14017; -0,00128675; 
3,14005; -0,00119599; 
3,13993; -0,00110524; 
3,13983; -0,00101476; 
3,13973; -0,000924803; 
3,13964; -0,000835601; 
3,13956; -0,000747381; 
3,13949; -0,000660356; 
3,13943; -0,000574731; 
3,13938; -0,000490695; 
3,13933; -0,000408428; 
3,13929; -0,000328098; 
3,13927; -0,00024986; 
3,13924; -0,000173859; 
3,13923; -0,000100227; 
3,13922; -2,90831e-05; 
3,13923; 3,94626e-05; 
3,13923; 0,000105313; 
3,13925; 0,000168383; 
3,13927; 0,000228596; 
3,13929; 0,00028589; 
3,13932; 0,000340211; 
3,13936; 0,000391517; 
3,1394; 0,000439774; 
3,13945; 0,000484961; 
3,1395; 0,000527064; 
3,13955; 0,000566081; 
3,13961; 0,000602015; 
3,13967; 0,000634881; 
3,13974; 0,0006647; 
3,13981; 0,000691504; 
3,13988; 0,000715328; 
3,13995; 0,000736218; 
3,14002; 0,000754225; 
3,1401; 0,000769405; 
3,14018; 0,000781822; 
3,14026; 0,000791545; 
3,14034; 0,000798648; 
3,14042; 0,000803209; 
3,1405; 0,000805312; 
3,14058; 0,000805041; 
3,14066; 0,000802489; 
3,14074; 0,000797748; 
3,14082; 0,000790914; 
3,1409; 0,000782085; 
3,14097; 0,000771362; 
3,14105; 0,000758846; 
3,14112; 0,000744641; 
3,1412; 0,000728851; 
3,14127; 0,000711581; 
3,14134; 0,000692935; 
3,14141; 0,000673018; 
3,14148; 0,000651936; 
3,14154; 0,000629791; 
3,1416; 0,000606688; 
3,14166; 0,000582728; 
3,14172; 0,000558011; 
3,14177; 0,000532636; 
3,14182; 0,000506701; 
3,14187; 0,0004803; 
3,14192; 0,000453526; 
3,14196; 0,00042647; 
3,14201; 0,000399219; 
3,14204; 0,000371857; 
3,14208; 0,000344468; 
3,14211; 0,00031713; 
3,14214; 0,000289919; 
3,14217; 0,000262908; 
3,1422; 0,000236166; 
3,14222; 0,000209759; 
3,14224; 0,00018375; 
3,14225; 0,000158197; 
3,14227; 0,000133157; 
3,14228; 0,000108681; 
3,14229; 8,48184e-05; 
3,1423; 6,1613e-05; 
3,1423; 3,91065e-05; 
3,14231; 1,73366e-05; 
3,14231; -3,66232e-06; 
3,14231; -2,38596e-05; 
3,1423; -4,32279e-05; 
3,1423; -6,17434e-05; 
3,14229; -7,93854e-05; 
3,14228; -9,61366e-05; 
3,14227; -0,000111983; 
3,14226; -0,000126913; 
3,14225; -0,00014092; 
3,14223; -0,000153997; 
3,14221; -0,000166143; 
3,1422; -0,000177359; 
3,14218; -0,000187646; 
3,14216; -0,000197012; 
3,14214; -0,000205464; 
3,14212; -0,000213012; 
3,1421; -0,00021967; 
3,14208; -0,000225451; 
3,14205; -0,000230372; 
3,14203; -0,000234452; 
3,14201; -0,00023771; 
3,14198; -0,000240169; 
3,14196; -0,000241852; 
3,14193; -0,000242782; 
3,14191; -0,000242986; 
3,14188; -0,00024249; 
3,14186; -0,000241323; 
3,14184; -0,000239512; 
3,14181; -0,000237087; 
3,14179; -0,000234079; 
3,14177; -0,000230518; 
3,14174; -0,000226434; 
3,14172; -0,00022186; 
3,1417; -0,000216826; 
3,14168; -0,000211364; 
3,14166; -0,000205506; 
3,14164; -0,000199284; 
3,14162; -0,000192729; 
3,1416; -0,000185872; 
3,14158; -0,000178744; 
3,14156; -0,000171376; 
3,14155; -0,000163797; 
3,14153; -0,000156038; 
3,14151; -0,000148126; 
3,1415; -0,000140091; 
3,14149; -0,00013196; 
3,14147; -0,000123759; 
3,14146; -0,000115515; 
3,14145; -0,000107252; 
3,14144; -9,89959e-05; 
3,14143; -9,07686e-05; 
3,14142; -8,25929e-05; 
3,14141; -7,449e-05; 
3,14141; -6,64803e-05; 
3,1414; -5,85832e-05; 
3,14139; -5,08167e-05; 
3,14139; -4,31982e-05; 
3,14139; -3,57438e-05; 
3,14138; -2,84684e-05; 
3,14138; -2,13861e-05; 
3,14138; -1,45098e-05; 
3,14138; -7,85126e-06; 
3,14138; -1,42124e-06; 
3,14138; 4,77055e-06; 
3,14138; 1,07155e-05; 
3,14138; 1,64058e-05; 
3,14138; 2,18351e-05; 
3,14138; 2,69976e-05; 
3,14139; 3,18888e-05; 
3,14139; 3,65048e-05; 
3,14139; 4,08429e-05; 
3,1414; 4,49013e-05; 
3,1414; 4,86789e-05; 
3,14141; 5,21756e-05; 
3,14141; 5,5392e-05; 
3,14142; 5,83294e-05; 
3,14143; 6,099e-05; 
3,14143; 6,33768e-05; 
3,14144; 6,54931e-05; 
3,14144; 6,73432e-05; 
3,14145; 6,89319e-05; 
3,14146; 7,02643e-05; 
3,14147; 7,13466e-05; 
3,14147; 7,21848e-05; 
3,14148; 7,2786e-05; 
3,14149; 7,31572e-05; 
3,14149; 7,33061e-05; 
3,1415; 7,32407e-05; 
3,14151; 7,29692e-05; 
3,14152; 7,25001e-05; 
3,14152; 7,18423e-05; 
3,14153; 7,10047e-05; 
3,14154; 6,99964e-05; 
3,14154; 6,88269e-05; 
3,14155; 6,75054e-05; 
3,14156; 6,60415e-05; 
3,14156; 6,44446e-05; 
3,14157; 6,27245e-05; 
3,14158; 6,08906e-05; 
3,14158; 5,89523e-05; 
3,14159; 5,69193e-05; 
3,14159; 5,48007e-05; 
3,1416; 5,2606e-05; 
3,14161; 5,03441e-05; 
3,14161; 4,80241e-05; 
3,14161; 4,56548e-05; 
3,14162; 4,32447e-05; 
3,14162; 4,08024e-05; 
3,14163; 3,83358e-05; 
3,14163; 3,58531e-05; 
3,14163; 3,33618e-05; 
3,14164; 3,08693e-05; 
3,14164; 2,83829e-05; 
3,14164; 2,59094e-05; 
3,14165; 2,34552e-05; 
3,14165; 2,10268e-05; 
3,14165; 1,86299e-05; 
3,14165; 1,62704e-05; 
3,14165; 1,39534e-05; 
3,14165; 1,1684e-05; 
3,14166; 9,46681e-06; 
3,14166; 7,30622e-06; 
3,14166; 5,20624e-06; 
3,14166; 3,17055e-06; 
3,14166; 1,20254e-06; 
3,14166; -6,94738e-07; 
3,14166; -2,51855e-06; 
3,14166; -4,26648e-06; 
3,14166; -5,93639e-06; 
3,14166; -7,52648e-06; 
3,14166; -9,03522e-06; 
3,14165; -1,04614e-05; 
3,14165; -1,1804e-05; 
3,14165; -1,30625e-05; 
3,14165; -1,42363e-05; 
3,14165; -1,53254e-05; 
3,14165; -1,63298e-05; 
3,14165; -1,72498e-05; 
3,14164; -1,80861e-05; 
3,14164; -1,88393e-05; 
3,14164; -1,95105e-05; 
3,14164; -2,01009e-05; 
3,14164; -2,06118e-05; 
3,14163; -2,10447e-05; 
3,14163; -2,14015e-05; 
3,14163; -2,16838e-05; 
3,14163; -2,18937e-05; 
3,14163; -2,20334e-05; 
3,14162; -2,21051e-05; 
3,14162; -2,21112e-05; 
3,14162; -2,2054e-05; 
3,14162; -2,19362e-05; 
3,14161; -2,17604e-05; 
3,14161; -2,15293e-05; 
3,14161; -2,12455e-05; 
3,14161; -2,0912e-05; 
3,14161; -2,05314e-05; 
3,1416; -2,01068e-05; 
3,1416; -1,96409e-05; 
3,1416; -1,91366e-05; 
3,1416; -1,85968e-05; 
3,1416; -1,80244e-05; 
3,14159; -1,74223e-05; 
3,14159; -1,67932e-05; 
3,14159; -1,614e-05; 
3,14159; -1,54655e-05; 
3,14159; -1,47723e-05; 
3,14159; -1,40632e-05; 
3,14159; -1,33408e-05; 
3,14158; -1,26076e-05; 
3,14158; -1,18661e-05; 
3,14158; -1,11188e-05; 
3,14158; -1,0368e-05; 
3,14158; -9,61593e-06; 
3,14158; -8,86483e-06; 
3,14158; -8,11678e-06; 
3,14158; -7,37382e-06; 
3,14158; -6,63784e-06; 
3,14158; -5,9107e-06; 
3,14158; -5,19413e-06; 
3,14157; -4,48976e-06; 
3,14157; -3,79915e-06; 
3,14157; -3,12375e-06; 
3,14157; -2,4649e-06; 
3,14157; -1,82385e-06; 
3,14157; -1,20176e-06; 
3,14157; -5,99697e-07; 
3,14157; -1,86067e-08; 
3,14157; 5,40641e-07; 
3,14157; 1,07728e-06; 
3,14157; 1,59063e-06; 
3,14157; 2,0801e-06; 
3,14157; 2,54521e-06; 
3,14157; 2,98555e-06; 
3,14157; 3,4008e-06; 
3,14157; 3,79071e-06; 
3,14158; 4,15514e-06; 
3,14158; 4,49401e-06; 
3,14158; 4,80731e-06; 
3,14158; 5,09512e-06; 
3,14158; 5,35757e-06; 
3,14158; 5,59488e-06; 
3,14158; 5,80732e-06; 
3,14158; 5,99522e-06; 
3,14158; 6,15896e-06; 
3,14158; 6,299e-06; 
3,14158; 6,41582e-06; 
3,14158; 6,50998e-06; 
3,14158; 6,58205e-06; 
3,14158; 6,63266e-06; 
3,14158; 6,66247e-06; 
3,14158; 6,6722e-06; 
3,14158; 6,66255e-06; 
3,14159; 6,6343e-06; 
3,14159; 6,58823e-06; 
3,14159; 6,52512e-06; 
3,14159; 6,44582e-06; 
3,14159; 6,35115e-06; 
3,14159; 6,24196e-06; 
3,14159; 6,11911e-06; 
3,14159; 5,98347e-06; 
3,14159; 5,8359e-06; 
3,14159; 5,67727e-06; 
3,14159; 5,50845e-06; 
3,14159; 5,33031e-06; 
3,14159; 5,1437e-06; 
3,14159; 4,94948e-06; 
3,14159; 4,74848e-06; 
3,14159; 4,54153e-06; 
3,14159; 4,32945e-06; 
3,14159; 4,11303e-06; 
3,1416; 3,89306e-06; 
3,1416; 3,67029e-06; 
3,1416; 3,44546e-06; 
3,1416; 3,21929e-06; 
3,1416; 2,99247e-06; 
3,1416; 2,76568e-06; 
3,1416; 2,53956e-06; 
3,1416; 2,31473e-06; 
3,1416; 2,09178e-06; 
3,1416; 1,87128e-06; 
3,1416; 1,65375e-06; 
3,1416; 1,43971e-06; 
3,1416; 1,22964e-06; 
3,1416; 1,02398e-06; 
3,1416; 8,2315e-07; 
3,1416; 6,27547e-07; 
3,1416; 4,37526e-07; 
3,1416; 2,5342e-07; 
3,1416; 7,55292e-08; 
3,1416; -9,58741e-08; 
3,1416; -2,60546e-07; 
3,1416; -4,18271e-07; 
3,1416; -5,68863e-07; 
3,1416; -7,1216e-07; 
3,1416; -8,4803e-07; 
3,1416; -9,76366e-07; 
3,1416; -1,09709e-06; 
3,1416; -1,21013e-06; 
3,1416; -1,31548e-06; 
3,1416; -1,4131e-06; 
3,1416; -1,50303e-06; 
3,1416; -1,58528e-06; 
3,1416; -1,65993e-06; 
3,1416; -1,72703e-06; 
3,1416; -1,78669e-06; 
3,1416; -1,83901e-06; 
3,1416; -1,88413e-06; 
3,1416; -1,92217e-06; 
3,1416; -1,95332e-06; 
3,1416; -1,97772e-06; 
3,1416; -1,99558e-06; 
3,1416; -2,00708e-06; 
3,1416; -2,01243e-06; 
3,1416; -2,01185e-06; 
3,14159; -2,00556e-06; 
3,14159; -1,9938e-06; 
3,14159; -1,97681e-06; 
3,14159; -1,95482e-06; 
3,14159; -1,9281e-06; 
3,14159; -1,8969e-06; 
3,14159; -1,86147e-06; 
3,14159; -1,82207e-06; 
3,14159; -1,77897e-06; 
3,14159; -1,73243e-06; 
3,14159; -1,68271e-06; 
3,14159; -1,63007e-06; 
3,14159; -1,57477e-06; 
3,14159; -1,51707e-06; 
3,14159; -1,45723e-06; 
3,14159; -1,39549e-06; 
3,14159; -1,3321e-06; 
3,14159; -1,26731e-06; 
3,14159; -1,20135e-06; 
3,14159; -1,13446e-06; 
3,14159; -1,06685e-06; 
3,14159; -9,98759e-07; 
3,14159; -9,30387e-07; 
3,14159; -8,61941e-07; 
3,14159; -7,9362e-07; 
3,14159; -7,25613e-07; 
3,14159; -6,58103e-07; 
3,14159; -5,91262e-07; 
3,14159; -5,25256e-07; 
3,14159; -4,60242e-07; 
3,14159; -3,96367e-07; 
3,14159; -3,3377e-07; 
3,14159; -2,72581e-07; 
3,14159; -2,12921e-07; 
3,14159; -1,54903e-07; 
3,14159; -9,86304e-08; 
3,14159; -4,41969e-08; 
3,14159; 8,31143e-09; 
3,14159; 5,88176e-08; 
3,14159; 1,07253e-07; 
3,14159; 1,53559e-07; 
3,14159; 1,97682e-07; 
3,14159; 2,3958e-07; 
3,14159; 2,79217e-07; 
3,14159; 3,16565e-07; 
3,14159; 3,51605e-07; 
3,14159; 3,84323e-07; 
3,14159; 4,14714e-07; 
3,14159; 4,42779e-07; 
3,14159; 4,68526e-07; 
3,14159; 4,91968e-07; 
3,14159; 5,13127e-07; 
3,14159; 5,32027e-07; 
3,14159; 5,487e-07; 
3,14159; 5,63182e-07; 
3,14159; 5,75515e-07; 
3,14159; 5,85744e-07; 
3,14159; 5,9392e-07; 
3,14159; 6,00097e-07; 
3,14159; 6,04333e-07; 
3,14159; 6,06687e-07; 
3,14159; 6,07226e-07; 
3,14159; 6,06015e-07; 
3,14159; 6,03125e-07; 
3,14159; 5,98625e-07; 
3,14159; 5,92591e-07; 
3,14159; 5,85097e-07; 
3,14159; 5,76219e-07; 
3,14159; 5,66034e-07; 
3,14159; 5,54622e-07; 
3,14159; 5,4206e-07; 
3,14159; 5,28429e-07; 
3,14159; 5,13806e-07; 
3,14159; 4,98271e-07; 
3,14159; 4,81902e-07; 
3,14159; 4,64778e-07; 
3,14159; 4,46976e-07; 
3,14159; 4,28572e-07; 
3,14159; 4,09641e-07; 
3,14159; 3,90257e-07; 
3,14159; 3,70491e-07; 
3,14159; 3,50416e-07; 
3,14159; 3,30099e-07; 
3,14159; 3,09608e-07; 
3,14159; 2,89008e-07; 
3,14159; 2,6836e-07; 
3,14159; 2,47726e-07; 
3,14159; 2,27165e-07; 
3,14159; 2,06731e-07; 
3,14159; 1,86479e-07; 
3,14159; 1,66459e-07; 
3,14159; 1,46719e-07; 
3,14159; 1,27305e-07; 
3,14159; 1,0826e-07; 
3,14159; 8,96241e-08; 
3,14159; 7,14354e-08; 
3,14159; 5,37287e-08; 
3,14159; 3,65361e-08; 
3,14159; 1,98873e-08; 
3,14159; 3,80924e-09; 
3,14159; -1,16739e-08; 
3,14159; -2,65404e-08; 
3,14159; -4,07712e-08; 
3,14159; -5,43497e-08; 
3,14159; -6,72617e-08; 
3,14159; -7,94958e-08; 
3,14159; -9,10425e-08; 
3,14159; -1,01895e-07; 
3,14159; -1,12048e-07; 
3,14159; -1,215e-07; 
3,14159; -1,3025e-07; 
3,14159; -1,38299e-07; 
3,14159; -1,45651e-07; 
3,14159; -1,52311e-07; 
3,14159; -1,58286e-07; 
3,14159; -1,63586e-07; 
3,14159; -1,6822e-07; 
3,14159; -1,72201e-07; 
3,14159; -1,75541e-07; 
3,14159; -1,78255e-07; 
3,14159; -1,8036e-07; 
3,14159; -1,81872e-07; 
3,14159; -1,82809e-07; 
3,14159; -1,8319e-07; 
3,14159; -1,83035e-07; 
3,14159; -1,82365e-07; 
3,14159; -1,812e-07; 
3,14159; -1,79564e-07; 
3,14159; -1,77478e-07; 
3,14159; -1,74965e-07; 
3,14159; -1,72049e-07; 
3,14159; -1,68752e-07; 
3,14159; -1,651e-07; 
3,14159; -1,61114e-07; 
3,14159; -1,56821e-07; 
3,14159; -1,52242e-07; 
3,14159; -1,47403e-07; 
3,14159; -1,42326e-07; 
3,14159; -1,37035e-07; 
3,14159; -1,31553e-07; 
3,14159; -1,25903e-07; 
3,14159; -1,20108e-07; 
3,14159; -1,14189e-07; 
3,14159; -1,08167e-07; 
3,14159; -1,02065e-07; 
3,14159; -9,5902e-08; 
3,14159; -8,96981e-08; 
3,14159; -8,34725e-08; 
3,14159; -7,72439e-08; 
3,14159; -7,10299e-08; 
3,14159; -6,48479e-08; 
3,14159; -5,87141e-08; 
3,14159; -5,26442e-08; 
3,14159; -4,66532e-08; 
3,14159; -4,0755e-08; 
3,14159; -3,49631e-08; 
3,14159; -2,92898e-08; 
3,14159; -2,37468e-08; 
3,14159; -1,83452e-08; 
3,14159; -1,30948e-08; 
3,14159; -8,0049e-09; 
3,14159; -3,08403e-09; 
3,14159; 1,66021e-09; 
3,14159; 6,22096e-09; 
3,14159; 1,05922e-08; 
3,14159; 1,47685e-08; 
3,14159; 1,87454e-08; 
3,14159; 2,25191e-08; 
3,14159; 2,60865e-08; 
3,14159; 2,94451e-08; 
3,14159; 3,25934e-08; 
3,14159; 3,55303e-08; 
3,14159; 3,82553e-08; 
3,14159; 4,07687e-08; 
3,14159; 4,30713e-08; 
3,14159; 4,51645e-08; 
3,14159; 4,70502e-08; 
3,14159; 4,87309e-08; 
3,14159; 5,02096e-08; 
3,14159; 5,14895e-08; 
3,14159; 5,25746e-08; 
3,14159; 5,34691e-08; 
3,14159; 5,41776e-08; 
3,14159; 5,47052e-08; 
3,14159; 5,50571e-08; 
3,14159; 5,5239e-08; 
3,14159; 5,52567e-08; 
3,14159; 5,51164e-08; 
3,14159; 5,48245e-08; 
3,14159; 5,43875e-08; 
3,14159; 5,3812e-08; 
3,14159; 5,3105e-08; 
3,14159; 5,22734e-08; 
3,14159; 5,13243e-08; 
3,14159; 5,02649e-08; 
3,14159; 4,91022e-08; 
3,14159; 4,78435e-08; 
3,14159; 4,6496e-08; 
3,14159; 4,50669e-08; 
3,14159; 4,35632e-08; 
3,14159; 4,19923e-08; 
3,14159; 4,03609e-08; 
3,14159; 3,8676e-08; 
3,14159; 3,69446e-08; 
3,14159; 3,51731e-08; 
3,14159; 3,33683e-08; 
3,14159; 3,15364e-08; 
3,14159; 2,96838e-08; 
3,14159; 2,78164e-08; 
3,14159; 2,59402e-08; 
3,14159; 2,40608e-08; 
3,14159; 2,21837e-08; 
3,14159; 2,03142e-08; 
3,14159; 1,84573e-08; 
3,14159; 1,66178e-08; 
3,14159; 1,48003e-08; 
3,14159; 1,30091e-08; 
3,14159; 1,12484e-08; 
3,14159; 9,52194e-09; 
3,14159; 7,83345e-09; 
3,14159; 6,18629e-09; 
3,14159; 4,58357e-09; 
3,14159; 3,02818e-09; 
3,14159; 1,52278e-09; 
3,14159; 6,97685e-11; 
3,14159; -1,3287e-09; 
3,14159; -2,67068e-09; 
3,14159; -3,9545e-09; 
3,14159; -5,17869e-09; 
3,14159; -6,342e-09; 
3,14159; -7,44342e-09; 
3,14159; -8,48214e-09; 
3,14159; -9,45757e-09; 
3,14159; -1,03693e-08; 
3,14159; -1,12172e-08; 
3,14159; -1,20012e-08; 
3,14159; -1,27214e-08; 
3,14159; -1,33783e-08; 
3,14159; -1,39724e-08; 
3,14159; -1,45043e-08; 
3,14159; -1,49748e-08; 
3,14159; -1,5385e-08; 
3,14159; -1,57359e-08; 
3,14159; -1,60288e-08; 
3,14159; -1,6265e-08; 
3,14159; -1,6446e-08; 
3,14159; -1,65733e-08; 
3,14159; -1,66487e-08; 
3,14159; -1,66738e-08; 
3,14159; -1,66505e-08; 
3,14159; -1,65806e-08; 
3,14159; -1,64662e-08; 
3,14159; -1,63091e-08; 
3,14159; -1,61116e-08; 
3,14159; -1,58756e-08; 
3,14159; -1,56034e-08; 
3,14159; -1,52969e-08; 
3,14159; -1,49584e-08; 
3,14159; -1,45901e-08; 
3,14159; -1,41941e-08; 
3,14159; -1,37727e-08; 
3,14159; -1,33279e-08; 
3,14159; -1,28618e-08; 
3,14159; -1,23768e-08; 
3,14159; -1,18747e-08; 
3,14159; -1,13578e-08; 
3,14159; -1,0828e-08; 
3,14159; -1,02874e-08; 
3,14159; -9,73776e-09; 
3,14159; -9,18115e-09; 
3,14159; -8,61938e-09; 
3,14159; -8,05422e-09; 
3,14159; -7,48743e-09; 
3,14159; -6,92067e-09; 
3,14159; -6,35556e-09; 
3,14159; -5,79364e-09; 
3,14159; -5,2364e-09; 
3,14159; -4,68525e-09; 
3,14159; -4,14152e-09; 
3,14159; -3,60648e-09; 
3,14159; -3,08134e-09; 
3,14159; -2,56721e-09; 
3,14159; -2,06514e-09; 
3,14159; -1,5761e-09; 
3,14159; -1,10101e-09; 
3,14159; -6,40682e-10; 
3,14159; -1,95874e-10; 
3,14159; 2,32731e-10; 
3,14159; 6,44524e-10; 



0; 0; 
0,0136936; 0,269204; 
0,052913; 0,510594; 
0,114904; 0,724735; 
0,196976; 0,912374; 
0,296524; 1,07441; 
0,411039; 1,21188; 
0,53812; 1,32594; 
0,675487; 1,41782; 
0,820988; 1,48883; 
0,972603; 1,54035; 
1,12845; 1,57378; 
1,2868; 1,59055; 
1,44606; 1,59208; 
1,60476; 1,57982; 
1,76161; 1,55518; 
1,91543; 1,51953; 
2,06519; 1,47423; 
2,21; 1,42058; 
2,34907; 1,35983; 
2,48177; 1,29317; 
2,60755; 1,22174; 
2,72599; 1,1466; 
2,83678; 1,06875; 
2,93968; 0,989104; 
3,03457; 0,908525; 
3,12138; 0,82779; 
3,20014; 0,747604; 
3,27094; 0,668605; 
3,33392; 0,591356; 
3,38929; 0,516356; 
3,43728; 0,444033; 
3,4782; 0,374754; 
3,51235; 0,308825; 
3,54008; 0,246494; 
3,56177; 0,187955; 
3,5778; 0,13335; 
3,58857; 0,0827746; 
3,59449; 0,0362813; 
3,59597; -0,00611822; 
3,59341; -0,0444483; 
3,58721; -0,0787656; 
3,57778; -0,109156; 
3,56551; -0,135732; 
3,55076; -0,158625; 
3,5339; -0,177989; 
3,51527; -0,193993; 
3,49521; -0,206816; 
3,47401; -0,216651; 
3,45197; -0,223696; 
3,42936; -0,228156; 
3,40642; -0,230237; 
3,38338; -0,230146; 
3,36046; -0,22809; 
3,33782; -0,224272; 
3,31565; -0,218894; 
3,29409; -0,212147; 
3,27326; -0,204221; 
3,25328; -0,195294; 
3,23423; -0,185539; 
3,21619; -0,175116; 
3,19923; -0,164179; 
3,18337; -0,152871; 
3,16866; -0,141323; 
3,15511; -0,129657; 
3,14273; -0,117985; 
3,13151; -0,106406; 
3,12144; -0,0950123; 
3,1125; -0,0838832; 
3,10465; -0,0730891; 
3,09787; -0,0626908; 
3,0921; -0,0527402; 
3,0873; -0,04328; 
3,08343; -0,0343449; 
3,08042; -0,0259619; 
3,07821; -0,0181504; 
3,07677; -0,0109234; 
3,07601; -0,00428742; 
3,07589; 0,00175663; 
3,07634; 0,00721298; 
3,07731; 0,0120905; 
3,07874; 0,0164023; 
3,08057; 0,0201649; 
3,08276; 0,0233981; 
3,08524; 0,0261243; 
3,08797; 0,0283682; 
3,0909; 0,0301563; 
3,09398; 0,0315163; 
3,09719; 0,0324772; 
3,10047; 0,0330686; 
3,10379; 0,0333203; 
3,10712; 0,0332625; 
3,11043; 0,0329249; 
3,1137; 0,032337; 
3,11689; 0,0315274; 
3,11999; 0,0305242; 
3,12299; 0,0293543; 
3,12586; 0,0280435; 
3,12859; 0,0266164; 
3,13118; 0,0250962; 
3,13361; 0,0235049; 
3,13588; 0,0218627; 
3,13798; 0,0201887; 
3,13992; 0,0185001; 
3,14168; 0,0168129; 
3,14328; 0,0151413; 
3,14471; 0,0134983; 
3,14598; 0,0118952; 
3,14709; 0,0103419; 
3,14805; 0,00884717; 
3,14886; 0,00741814; 
3,14954; 0,00606089; 
3,15008; 0,00478026; 
3,1505; 0,00357996; 
3,1508; 0,00246268; 
3,15099; 0,00143014; 
3,15109; 0,00048316; 
3,15109; -0,000378246; 
3,15101; -0,0011548; 
3,15086; -0,00184787; 
3,15065; -0,00245944; 
3,15037; -0,00299197; 
3,15005; -0,00344839; 
3,14969; -0,003832; 
3,14929; -0,0041464; 
3,14886; -0,00439546; 
3,14841; -0,00458323; 
3,14795; -0,0047139; 
3,14747; -0,00479178; 
3,14699; -0,00482118; 
3,14651; -0,00480645; 
3,14603; -0,0047519; 
3,14556; -0,00466177; 
3,1451; -0,0045402; 
3,14465; -0,00439121; 
3,14422; -0,00421869; 
3,14381; -0,00402633; 
3,14342; -0,00381767; 
3,14304; -0,00359604; 
3,1427; -0,00336457; 
3,14237; -0,00312617; 
3,14207; -0,00288356; 
3,14179; -0,0026392; 
3,14154; -0,00239536; 
3,14132; -0,00215408; 
3,14111; -0,00191719; 
3,14093; -0,0016863; 
3,14077; -0,00146283; 
3,14064; -0,00124798; 
3,14052; -0,00104279; 
3,14043; -0,000848095; 
3,14035; -0,000664573; 
3,1403; -0,00049274; 
3,14026; -0,00033296; 
3,14023; -0,000185464; 
3,14022; -5,0351e-05; 
3,14022; 7,23927e-05; 
3,14023; 0,000182887; 
3,14026; 0,000281344; 
3,14029; 0,00036806; 
3,14033; 0,000443404; 
3,14038; 0,000507808; 
3,14043; 0,000561755; 
3,14049; 0,000605774; 
3,14055; 0,000640427; 
3,14062; 0,000666306; 
3,14068; 0,000684019; 
3,14075; 0,000694187; 
3,14082; 0,00069744; 
3,14089; 0,000694403; 
3,14096; 0,0006857; 
3,14103; 0,00067194; 
3,1411; 0,000653722; 
3,14116; 0,000631625; 
3,14122; 0,000606204; 
3,14128; 0,000577993; 
3,14134; 0,000547498; 
3,14139; 0,000515198; 
3,14144; 0,00048154; 
3,14149; 0,000446941; 
3,14153; 0,000411787; 
3,14157; 0,000376433; 
3,1416; 0,0003412; 
3,14164; 0,000306379; 
3,14167; 0,00027223; 
3,14169; 0,000238982; 
3,14171; 0,000206834; 
3,14173; 0,000175959; 
3,14175; 0,000146499; 
3,14176; 0,000118575; 
3,14177; 9,22792e-05; 
3,14178; 6,76835e-05; 
3,14179; 4,48376e-05; 
3,14179; 2,37717e-05; 
3,14179; 4,49776e-06; 
3,14179; -1,29887e-05; 
3,14179; -2,8707e-05; 
3,14179; -4,269e-05; 
3,14178; -5,49821e-05; 
3,14177; -6,56381e-05; 
3,14177; -7,47217e-05; 
3,14176; -8,23039e-05; 
3,14175; -8,84619e-05; 
3,14174; -9,3278e-05; 
3,14173; -9,68378e-05; 
3,14172; -9,92299e-05; 
3,14171; -0,000100544; 
3,1417; -0,000100872; 
3,14169; -0,000100304; 
3,14168; -9,89294e-05; 
3,14167; -9,68367e-05; 
3,14166; -9,41118e-05; 
3,14165; -9,0838e-05; 
3,14164; -8,70954e-05; 
3,14164; -8,29606e-05; 
3,14163; -7,8506e-05; 
3,14162; -7,38003e-05; 
3,14161; -6,89075e-05; 
3,14161; -6,38873e-05; 
3,1416; -5,87949e-05; 
3,1416; -5,36808e-05; 
3,14159; -4,85909e-05; 
3,14159; -4,35665e-05; 
3,14158; -3,86445e-05; 
3,14158; -3,38575e-05; 
3,14157; -2,92336e-05; 
3,14157; -2,47972e-05; 
3,14157; -2,05684e-05; 
3,14157; -1,65639e-05; 
3,14157; -1,27967e-05; 
3,14157; -9,27669e-06; 
3,14156; -6,01063e-06; 
3,14156; -3,00246e-06; 
3,14156; -2,5355e-07; 
3,14156; 2,2371e-06; 
3,14156; 4,47259e-06; 
3,14156; 6,45794e-06; 
3,14157; 8,1998e-06; 
3,14157; 9,70633e-06; 
3,14157; 1,09869e-05; 
3,14157; 1,20519e-05; 
3,14157; 1,29127e-05; 
3,14157; 1,35811e-05; 
3,14157; 1,40698e-05; 
3,14157; 1,43915e-05; 
3,14158; 1,45594e-05; 
3,14158; 1,45864e-05; 
3,14158; 1,44859e-05; 
3,14158; 1,42706e-05; 
3,14158; 1,39534e-05; 
3,14158; 1,35465e-05; 
3,14158; 1,3062e-05; 
3,14159; 1,25115e-05; 
3,14159; 1,19057e-05; 
3,14159; 1,12553e-05; 
3,14159; 1,057e-05; 
3,14159; 9,85896e-06; 
3,14159; 9,13075e-06; 
3,14159; 8,39323e-06; 
3,14159; 7,65361e-06; 
3,14159; 6,91843e-06; 
3,14159; 6,19357e-06; 
3,14159; 5,48427e-06; 
3,14159; 4,79515e-06; 
3,1416; 4,13019e-06; 
3,1416; 3,49282e-06; 
3,1416; 2,88588e-06; 
3,1416; 2,31169e-06; 
3,1416; 1,77208e-06; 
3,1416; 1,2684e-06; 
3,1416; 8,01559e-07; 
3,1416; 3,72075e-07; 
3,1416; -1,99087e-08; 
3,1416; -3,74584e-07; 
3,1416; -6,92445e-07; 
3,1416; -9,74252e-07; 
3,1416; -1,22101e-06; 
3,1416; -1,43391e-06; 
3,1416; -1,61435e-06; 
3,1416; -1,76385e-06; 
3,1416; -1,88406e-06; 
3,1416; -1,97672e-06; 
3,1416; -2,04365e-06; 
3,1416; -2,08672e-06; 
3,1416; -2,10781e-06; 
3,14159; -2,10883e-06; 
3,14159; -2,09167e-06; 
3,14159; -2,05819e-06; 
3,14159; -2,01024e-06; 
3,14159; -1,94959e-06; 
3,14159; -1,87797e-06; 
3,14159; -1,79703e-06; 
3,14159; -1,70835e-06; 
3,14159; -1,61342e-06; 
3,14159; -1,51365e-06; 
3,14159; -1,41035e-06; 
3,14159; -1,30474e-06; 
3,14159; -1,19795e-06; 
3,14159; -1,09101e-06; 
3,14159; -9,84838e-07; 
3,14159; -8,80282e-07; 
3,14159; -7,78083e-07; 
3,14159; -6,78895e-07; 
3,14159; -5,83282e-07; 
3,14159; -4,91725e-07; 
3,14159; -4,04627e-07; 
3,14159; -3,2231e-07; 
3,14159; -2,45028e-07; 
3,14159; -1,72967e-07; 
3,14159; -1,0625e-07; 
3,14159; -4,49422e-08; 
3,14159; 1,09422e-08; 
3,14159; 6,14381e-08; 
3,14159; 1,06623e-07; 
3,14159; 1,46613e-07; 
3,14159; 1,81556e-07; 
3,14159; 2,11632e-07; 
3,14159; 2,37044e-07; 
3,14159; 2,58016e-07; 
3,14159; 2,74788e-07; 
3,14159; 2,87614e-07; 
3,14159; 2,96759e-07; 
3,14159; 3,02493e-07; 
3,14159; 3,05089e-07; 
3,14159; 3,04823e-07; 
3,14159; 3,01968e-07; 
3,14159; 2,96795e-07; 
3,14159; 2,89566e-07; 
3,14159; 2,80539e-07; 
3,14159; 2,69961e-07; 
3,14159; 2,58071e-07; 
3,14159; 2,45094e-07; 
3,14159; 2,31245e-07; 
3,14159; 2,16724e-07; 
3,14159; 2,01721e-07; 
3,14159; 1,8641e-07; 
3,14159; 1,70951e-07; 
3,14159; 1,5549e-07; 
3,14159; 1,40161e-07; 
3,14159; 1,25082e-07; 
3,14159; 1,10359e-07; 
3,14159; 9,60842e-08; 
3,14159; 8,23382e-08; 
3,14159; 6,91885e-08; 
3,14159; 5,66913e-08; 
3,14159; 4,48919e-08; 
3,14159; 3,38254e-08; 
3,14159; 2,35174e-08; 
3,14159; 1,39843e-08; 
3,14159; 5,23445e-09; 
3,14159; -2,7313e-09; 
3,14159; -9,91893e-09; 
3,14159; -1,63405e-08; 
3,14159; -2,20136e-08; 
3,14159; -2,69604e-08; 
3,14159; -3,12073e-08; 
3,14159; -3,47843e-08; 
3,14159; -3,77241e-08; 
3,14159; -4,00618e-08; 
3,14159; -4,18346e-08; 
3,14159; -4,30806e-08; 
3,14159; -4,38391e-08; 
3,14159; -4,41498e-08; 
3,14159; -4,40525e-08; 
3,14159; -4,35867e-08; 
3,14159; -4,27911e-08; 
3,14159; -4,17041e-08; 
3,14159; -4,03623e-08; 
3,14159; -3,88016e-08; 
3,14159; -3,7056e-08; 
3,14159; -3,5158e-08; 
3,14159; -3,31383e-08; 
3,14159; -3,10258e-08; 
3,14159; -2,88474e-08; 
3,14159; -2,6628e-08; 
3,14159; -2,43905e-08; 
3,14159; -2,21558e-08; 
3,14159; -1,99429e-08; 
3,14159; -1,77686e-08; 
3,14159; -1,56479e-08; 
3,14159; -1,3594e-08; 
3,14159; -1,16181e-08; 
3,14159; -9,72971e-09; 
3,14159; -7,93683e-09; 
3,14159; -6,24575e-09; 
3,14159; -4,66132e-09; 
3,14159; -3,18704e-09; 
3,14159; -1,8251e-09; 
3,14159; -5,7655e-10; 
3,14159; 5,58658e-10; 
3,14159; 1,58152e-09; 
3,14159; 2,49392e-09; 
3,14159; 3,29848e-09; 
3,14159; 3,99853e-09; 
3,14159; 4,59797e-09; 
3,14159; 5,10119e-09; 
3,14159; 5,51298e-09; 
3,14159; 5,83849e-09; 
3,14159; 6,08308e-09; 
3,14159; 6,25234e-09; 
3,14159; 6,35195e-09; 
3,14159; 6,38765e-09; 
3,14159; 6,36518e-09; 
3,14159; 6,29027e-09; 
3,14159; 6,16851e-09; 
3,14159; 6,00538e-09; 
3,14159; 5,80621e-09; 
3,14159; 5,57613e-09; 
3,14159; 5,32002e-09; 
3,14159; 5,04255e-09; 
3,14159; 4,74813e-09; 
3,14159; 4,44089e-09; 
3,14159; 4,12467e-09; 
3,14159; 3,80305e-09; 
3,14159; 3,47928e-09; 
3,14159; 3,15635e-09; 
3,14159; 2,83694e-09; 
3,14159; 2,52347e-09; 
3,14159; 2,21806e-09; 
3,14159; 1,92257e-09; 
3,14159; 1,63858e-09; 
3,14159; 1,36744e-09; 
3,14159; 1,11027e-09; 
3,14159; 8,67945e-10; 
3,14159; 6,41133e-10; 
3,14159; 4,30312e-10; 
3,14159; 2,35774e-10; 
3,14159; 5,76451e-11; 
3,14159; -1,04102e-10; 
3,14159; -2,49631e-10; 
3,14159; -3,79232e-10; 
3,14159; -4,93303e-10; 
3,14159; -5,92335e-10; 
3,14159; -6,76906e-10; 
3,14159; -7,47659e-10; 
3,14159; -8,05297e-10; 
3,14159; -8,50569e-10; 
3,14159; -8,84258e-10; 
3,14159; -9,07172e-10; 
3,14159; -9,20136e-10; 
3,14159; -9,23981e-10; 
3,14159; -9,19538e-10; 
3,14159; -9,0763e-10; 
3,14159; -8,89067e-10; 
3,14159; -8,64639e-10; 
3,14159; -8,35111e-10; 
3,14159; -8,01218e-10; 
3,14159; -7,63666e-10; 
3,14159; -7,23123e-10; 
3,14159; -6,8022e-10; 
3,14159; -6,35549e-10; 
3,14159; -5,89659e-10; 
3,14159; -5,43061e-10; 
3,14159; -4,9622e-10; 
3,14159; -4,49562e-10; 
3,14159; -4,0347e-10; 
3,14159; -3,58284e-10; 
3,14159; -3,14307e-10; 
3,14159; -2,71801e-10; 
3,14159; -2,30991e-10; 
3,14159; -1,92067e-10; 
3,14159; -1,55183e-10; 
3,14159; -1,20464e-10; 
3,14159; -8,80003e-11; 
3,14159; -5,78579e-11; 
3,14159; -3,00752e-11; 
3,14159; -4,66674e-12; 
3,14159; 1,83745e-11; 
3,14159; 3,90751e-11; 
3,14159; 5,74794e-11; 
3,14159; 7,36471e-11; 
3,14159; 8,76515e-11; 
3,14159; 9,95775e-11; 
3,14159; 1,0952e-10; 
3,14159; 1,17581e-10; 
3,14159; 1,2387e-10; 
3,14159; 1,285e-10; 
3,14159; 1,31591e-10; 
3,14159; 1,3326e-10; 
3,14159; 1,33628e-10; 
3,14159; 1,32815e-10; 
3,14159; 1,30941e-10; 
3,14159; 1,28121e-10; 
3,14159; 1,24469e-10; 
3,14159; 1,20096e-10; 
3,14159; 1,15108e-10; 
3,14159; 1,09605e-10; 
3,14159; 1,03684e-10; 
3,14159; 9,7434e-11; 
3,14159; 9,0941e-11; 
3,14159; 8,42833e-11; 
3,14159; 7,75336e-11; 
3,14159; 7,07585e-11; 
3,14159; 6,40185e-11; 
3,14159; 5,73681e-11; 
3,14159; 5,08558e-11; 
3,14159; 4,45243e-11; 
3,14159; 3,8411e-11; 
3,14159; 3,25474e-11; 
3,14159; 2,69602e-11; 
3,14159; 2,16712e-11; 
3,14159; 1,66975e-11; 
3,14159; 1,20517e-11; 
3,14159; 7,74275e-12; 
3,14159; 3,77565e-12; 
3,14159; 1,52052e-13; 
3,14159; -3,12956e-12; 
3,14159; -6,07341e-12; 
3,14159; -8,68628e-12; 
3,14159; -1,09771e-11; 
3,14159; -1,29568e-11; 
3,14159; -1,46378e-11; 
3,14159; -1,6034e-11; 
3,14159; -1,71604e-11; 
3,14159; -1,8033e-11; 
3,14159; -1,86683e-11; 
3,14159; -1,90833e-11; 
3,14159; -1,92953e-11; 
3,14159; -1,93218e-11; 
3,14159; -1,91801e-11; 
3,14159; -1,88873e-11; 
3,14159; -1,84603e-11; 
3,14159; -1,79154e-11; 
3,14159; -1,72686e-11; 
3,14159; -1,65349e-11; 
3,14159; -1,5729e-11; 
3,14159; -1,48645e-11; 
3,14159; -1,39545e-11; 
3,14159; -1,3011e-11; 
3,14159; -1,20453e-11; 
3,14159; -1,10679e-11; 
3,14159; -1,00882e-11; 
3,14159; -9,11474e-12; 
3,14159; -8,15537e-12; 
3,14159; -7,21695e-12; 
3,14159; -6,30558e-12; 
3,14159; -5,42646e-12; 
3,14159; -4,58412e-12; 
3,14159; -3,78228e-12; 
3,14159; -3,02399e-12; 
3,14159; -2,31163e-12; 
3,14159; -1,64693e-12; 
3,14159; -1,03108e-12; 
3,14159; -4,64707e-13; 
3,14159; 5,19659e-14; 
3,14159; 5,19259e-13; 
3,14159; 9,37853e-13; 
3,14159; 1,30872e-12; 
3,14159; 1,63324e-12; 
3,14159; 1,91301e-12; 
3,14159; 2,14987e-12; 
3,14159; 2,34586e-12; 
3,14159; 2,50317e-12; 
3,14159; 2,62408e-12; 
3,14159; 2,71105e-12; 
3,14159; 2,76653e-12; 
3,14159; 2,79304e-12; 
3,14159; 2,79312e-12; 
3,14159; 2,76924e-12; 
3,14159; 2,72387e-12; 
3,14159; 2,65942e-12; 
3,14159; 2,5783e-12; 
3,14159; 2,48276e-12; 
3,14159; 2,37497e-12; 
3,14159; 2,25704e-12; 
3,14159; 2,13092e-12; 
3,14159; 1,99847e-12; 
3,14159; 1,86144e-12; 
3,14159; 1,72141e-12; 
3,14159; 1,5799e-12; 
3,14159; 1,43824e-12; 
3,14159; 1,29766e-12; 
3,14159; 1,15928e-12; 
3,14159; 1,02403e-12; 
3,14159; 8,92824e-13; 
3,14159; 7,66375e-13; 
3,14159; 6,45334e-13; 
3,14159; 5,30212e-13; 
3,14159; 4,21463e-13; 
3,14159; 3,19404e-13; 
3,14159; 2,24289e-13; 
3,14159; 1,36262e-13; 
3,14159; 5,54183e-14; 
3,14159; -1,82177e-14; 
3,14159; -8,47198e-14; 
3,14159; -1,4418e-13; 
3,14159; -1,96784e-13; 
3,14159; -2,42691e-13; 
3,14159; -2,8215e-13; 
3,14159; -3,15454e-13; 
3,14159; -3,42914e-13; 
3,14159; -3,64836e-13; 
3,14159; -3,81554e-13; 
3,14159; -3,93417e-13; 
3,14159; -4,00801e-13; 
3,14159; -4,04029e-13; 
3,14159; -4,03471e-13; 
3,14159; -3,99517e-13; 
3,14159; -3,92514e-13; 
3,14159; -3,82821e-13; 
3,14159; -3,70783e-13; 
3,14159; -3,56691e-13; 
3,14159; -3,4088e-13; 
3,14159; -3,23633e-13; 
3,14159; -3,0524e-13; 
3,14159; -2,8596e-13; 
3,14159; -2,66039e-13; 
3,14159; -2,45719e-13; 
3,14159; -2,25198e-13; 
3,14159; -2,04711e-13; 
3,14159; -1,84413e-13; 
3,14159; -1,64445e-13; 
3,14159; -1,44973e-13; 
3,14159; -1,26102e-13; 
3,14159; -1,07922e-13; 
3,14159; -9,05505e-14; 
3,14159; -7,40574e-14; 
3,14159; -5,84803e-14; 
3,14159; -4,38528e-14; 
3,14159; -3,02312e-14; 
3,14159; -1,76534e-14; 
3,14159; -6,12818e-15; 
3,14159; 4,37406e-15; 
3,14159; 1,38426e-14; 
3,14159; 2,22863e-14; 
3,14159; 2,97389e-14; 
3,14159; 3,62373e-14; 
3,14159; 4,18273e-14; 
3,14159; 4,65126e-14; 
3,14159; 5,03661e-14; 
3,14159; 5,34033e-14; 
3,14159; 5,56955e-14; 
3,14159; 5,73064e-14; 
3,14159; 5,82566e-14; 
3,14159; 5,86086e-14; 
3,14159; 5,84318e-14; 
3,14159; 5,77763e-14; 
3,14159; 5,67002e-14; 
3,14159; 5,52432e-14; 
3,14159; 5,34356e-14; 
3,14159; 5,13418e-14; 
3,14159; 4,89958e-14; 
3,14159; 4,64655e-14; 
3,14159; 4,37751e-14; 
3,14159; 4,09585e-14; 
3,14159; 3,80469e-14; 
3,14159; 3,50876e-14; 
3,14159; 3,21038e-14; 
3,14159; 2,91172e-14; 
3,14159; 2,61661e-14; 
3,14159; 2,32659e-14; 
3,14159; 2,04312e-14; 
3,14159; 1,76939e-14; 
3,14159; 1,50635e-14; 
3,14159; 1,25365e-14; 
3,14159; 1,016e-14; 
3,14159; 7,90103e-15; 
3,14159; 5,77982e-15; 
3,14159; 3,79004e-15; 
3,14159; 1,97606e-15; 
3,14159; 3,02508e-16; 
3,14159; -1,21249e-15; 
3,14159; -2,58396e-15; 
3,14159; -3,81881e-15; 
3,14159; -4,89856e-15; 
3,14159; -5,81251e-15; 
3,14159; -6,60175e-15; 
3,14159; -7,27143e-15; 
3,14159; -7,80145e-15; 
3,14159; -8,20502e-15; 
3,14159; -8,49414e-15; 
3,14159; -8,67965e-15; 
3,14159; -8,77135e-15; 
3,14159; -8,77815e-15; 
3,14159; -8,70808e-15; 
3,14159; -8,56842e-15; 
3,14159; -8,36578e-15; 
3,14159; -8,10611e-15; 
3,14159; -7,79482e-15; 
3,14159; -7,4368e-15; 
3,14159; -7,03647e-15; 
3,14159; -6,59786e-15; 
3,14159; -6,13124e-15; 
3,14159; -5,67073e-15; 
3,14159; -5,21573e-15; 
3,14159; -4,76573e-15; 
3,14159; -4,32026e-15; 
3,14159; -3,90427e-15; 
3,14159; -3,48959e-15; 
3,14159; -3,07608e-15; 
3,14159; -2,66364e-15; 
3,14159; -2,25216e-15; 
3,14159; -1,84823e-15; 
3,14159; -1,48257e-15; 
3,14159; -1,15155e-15; 
3,14159; -8,51891e-16; 
3,14159; -5,80625e-16; 
3,14159; -3,35059e-16; 
3,14159; -1,12758e-16; 
3,14159; 8,84812e-17; 
3,14159; 2,70655e-16; 
3,14159; 4,35568e-16; 
3,14159; 5,84858e-16; 
3,14159; 7,20003e-16; 
3,14159; 8,42345e-16; 
3,14159; 9,53095e-16; 
3,14159; 1,05335e-15; 
3,14159; 1,14411e-15; 
3,14159; 1,22627e-15; 
3,14159; 1,30065e-15; 
3,14159; 1,36798e-15; 
3,14159; 1,42893e-15; 
3,14159; 1,4841e-15; 
3,14159; 1,53405e-15; 
3,14159; 1,57927e-15; 
3,14159; 1,6202e-15; 
3,14159; 1,65726e-15; 
3,14159; 1,6908e-15; 
3,14159; 1,72117e-15; 
3,14159; 1,74865e-15; 
3,14159; 1,77354e-15; 
3,14159; 1,79607e-15; 
3,14159; 1,81646e-15; 
3,14159; 1,83492e-15; 
3,14159; 1,85163e-15; 
3,14159; 1,86676e-15; 
3,14159; 1,88045e-15; 
3,14159; 1,89285e-15; 
3,14159; 1,90407e-15; 
3,14159; 1,91423e-15; 
3,14159; 1,92343e-15; 
3,14159; 1,93176e-15; 
3,14159; 1,93929e-15; 
3,14159; 1,94612e-15; 
3,14159; 1,95229e-15; 
3,14159; 1,95788e-15; 
3,14159; 1,96295e-15; 
3,14159; 1,96753e-15; 
3,14159; 1,97168e-15; 
3,14159; 1,97543e-15; 
3,14159; 1,97883e-15; 
3,14159; 1,98191e-15; 
3,14159; 1,98469e-15; 
3,14159; 1,98721e-15; 
3,14159; 1,9895e-15; 
3,14159; 1,99156e-15; 
3,14159; 1,99343e-15; 
3,14159; 1,99513e-15; 
3,14159; 1,99666e-15; 
3,14159; 1,99805e-15; 
3,14159; 1,9993e-15; 
3,14159; 2,00044e-15; 
3,14159; 2,00147e-15; 
3,14159; 2,0024e-15; 
3,14159; 2,00325e-15; 
3,14159; 2,00401e-15; 
3,14159; 2,0047e-15; 
3,14159; 2,00533e-15; 
3,14159; 2,00589e-15; 
3,14159; 2,00641e-15; 
3,14159; 2,00687e-15; 
3,14159; 2,00729e-15; 
3,14159; 2,00767e-15; 
3,14159; 2,00802e-15; 
3,14159; 2,00833e-15; 
3,14159; 2,00861e-15; 
3,14159; 2,00887e-15; 
3,14159; 2,0091e-15; 
3,14159; 2,00931e-15; 
3,14159; 2,0095e-15; 
3,14159; 2,00967e-15; 
3,14159; 2,00982e-15; 
3,14159; 2,00996e-15; 
3,14159; 2,01009e-15; 
3,14159; 2,01021e-15; 
3,14159; 2,01031e-15; 
3,14159; 2,01041e-15; 
3,14159; 2,01049e-15; 
3,14159; 2,01057e-15; 
3,14159; 2,01064e-15; 
3,14159; 2,0107e-15; 
3,14159; 2,01076e-15; 
3,14159; 2,01081e-15; 
3,14159; 2,01086e-15; 
3,14159; 2,0109e-15; 
3,14159; 2,01094e-15; 
3,14159; 2,01098e-15; 
3,14159; 2,01101e-15; 
3,14159; 2,01104e-15; 
3,14159; 2,01106e-15; 
3,14159; 2,01108e-15; 
3,14159; 2,01111e-15; 
3,14159; 2,01113e-15; 
3,14159; 2,01114e-15; 
3,14159; 2,01116e-15; 
3,14159; 2,01117e-15; 
3,14159; 2,01119e-15; 
3,14159; 2,0112e-15; 
3,14159; 2,01121e-15; 
3,14159; 2,01122e-15; 
3,14159; 2,01123e-15; 
3,14159; 2,01123e-15; 
3,14159; 2,01124e-15; 
3,14159; 2,01125e-15; 
3,14159; 2,01125e-15; 
3,14159; 2,01126e-15; 
3,14159; 2,01126e-15; 
3,14159; 2,01127e-15; 
3,14159; 2,01127e-15; 
3,14159; 2,01127e-15; 
3,14159; 2,01128e-15; 
3,14159; 2,01128e-15; 
3,14159; 2,01128e-15; 
3,14159; 2,01129e-15; 
3,14159; 2,01129e-15; 
3,14159; 2,01129e-15; 
3,14159; 2,01129e-15; 
3,14159; 2,01129e-15; 
3,14159; 2,01129e-15; 
3,14159; 2,0113e-15; 
3,14159; 2,0113e-15; 
3,14159; 2,0113e-15; 
3,14159; 2,0113e-15; 
3,14159; 2,0113e-15; 
3,14159; 2,0113e-15; 
3,14159; 2,0113e-15; 
3,14159; 2,0113e-15; 
3,14159; 2,0113e-15; 
3,14159; 2,0113e-15; 
3,14159; 2,0113e-15; 
3,14159; 2,0113e-15; 
3,14159; 2,0113e-15; 
3,14159; 2,01131e-15; 
3,14159; 2,01131e-15; 
3,14159; 2,01131e-15; 
3,14159; 2,01131e-15; 
3,14159; 2,01131e-15; 
3,14159; 2,01131e-15; 
3,14159; 2,01131e-15; 
3,14159; 2,01131e-15; 
3,14159; 2,01131e-15; 
3,14159; 2,01131e-15; 
3,14159; 2,01131e-15; 
3,14159; 2,01131e-15; 
3,14159; 2,01131e-15; 
3,14159; 2,01131e-15; 
3,14159; 2,01131e-15; 
3,14159; 2,01131e-15; 
3,14159; 2,01131e-15; 
3,14159; 2,01131e-15; 
3,14159; 2,01131e-15; 
3,14159; 2,01131e-15; 
3,14159; 2,01131e-15; 
3,14159; 2,01131e-15; 
3,14159; 2,01131e-15; 
3,14159; 2,01131e-15; 
3,14159; 2,01131e-15; 
3,14159; 2,01131e-15; 
3,14159; 2,01131e-15; 
3,14159; 2,01131e-15; 
3,14159; 2,01131e-15; 
3,14159; 2,01131e-15; 
3,14159; 2,01131e-15; 
3,14159; 2,01131e-15; 
3,14159; 2,01131e-15; 
3,14159; 2,01131e-15; 
3,14159; 2,01131e-15; 
3,14159; 2,01131e-15; 
3,14159; 2,01131e-15; 
3,14159; 2,01131e-15; 
3,14159; 2,01131e-15; 
3,14159; 2,01131e-15; 
3,14159; 2,01131e-15; 
3,14159; 2,01131e-15; 
3,14159; 2,01131e-15; 
3,14159; 2,01131e-15; 
3,14159; 2,01131e-15; 
3,14159; 2,01131e-15; 
3,14159; 2,01131e-15; 
3,14159; 2,01131e-15; 
3,14159; 2,01131e-15; 
3,14159; 2,01131e-15; 
3,14159; 2,01131e-15; 
3,14159; 2,01131e-15; 
3,14159; 2,01131e-15; 
3,14159; 2,01131e-15; 
3,14159; 2,01131e-15; 
3,14159; 2,01131e-15; 
3,14159; 2,01131e-15; 
3,14159; 2,01131e-15; 
3,14159; 2,01131e-15; 
3,14159; 2,01131e-15; 
3,14159; 2,01131e-15; 
3,14159; 2,01131e-15; 
3,14159; 2,01131e-15; 
3,14159; 2,01131e-15; 
3,14159; 2,01131e-15; 
3,14159; 2,01131e-15; 
3,14159; 2,01131e-15; 
3,14159; 2,01131e-15; 
3,14159; 2,01131e-15; 
3,14159; 2,01131e-15; 
3,14159; 2,01131e-15; 
3,14159; 2,01131e-15; 
3,14159; 2,01131e-15; 
3,14159; 2,01131e-15; 
3,14159; 2,01131e-15; 
3,14159; 2,01131e-15; 
3,14159; 2,01131e-15; 
3,14159; 2,01131e-15; 
3,14159; 2,01131e-15; 
3,14159; 2,01131e-15; 
3,14159; 2,01131e-15; 
3,14159; 2,01131e-15; 
3,14159; 2,01131e-15; 
3,14159; 2,01131e-15; 
3,14159; 2,01131e-15; 
3,14159; 2,01131e-15; 
3,14159; 2,01131e-15; 
3,14159; 2,01131e-15; 
3,14159; 2,01131e-15; 
3,14159; 2,01131e-15; 
3,14159; 2,01131e-15; 
3,14159; 2,01131e-15; 
3,14159; 2,01131e-15; 
3,14159; 2,01131e-15; 
3,14159; 2,01131e-15; 
3,14159; 2,01131e-15; 
3,14159; 2,01131e-15; 
3,14159; 2,01131e-15; 
3,14159; 2,01131e-15; 
3,14159; 2,01131e-15; 
3,14159; 2,01131e-15; 
3,14159; 2,01131e-15; 
3,14159; 2,01131e-15; 
3,14159; 2,01131e-15; 
3,14159; 2,01131e-15; 
3,14159; 2,01131e-15; 
3,14159; 2,01131e-15; 
3,14159; 2,01131e-15; 
3,14159; 2,01131e-15; 
3,14159; 2,01131e-15; 
3,14159; 2,01131e-15; 
3,14159; 2,01131e-15; 
3,14159; 2,01131e-15; 
3,14159; 2,01131e-15; 
3,14159; 2,01131e-15; 
3,14159; 2,01131e-15; 
3,14159; 2,01131e-15; 
3,14159; 2,01131e-15; 
3,14159; 2,01131e-15; 
3,14159; 2,01131e-15; 
3,14159; 2,01131e-15; 
3,14159; 2,01131e-15; 
3,14159; 2,01131e-15; 
3,14159; 2,01131e-15; 
3,14159; 2,01131e-15; 
3,14159; 2,01131e-15; 
3,14159; 2,01131e-15; 
3,14159; 2,01131e-15; 
3,14159; 2,01131e-15; 
3,14159; 2,01131e-15; 
3,14159; 2,01131e-15; 
3,14159; 2,01131e-15; 
3,14159; 2,01131e-15; 
3,14159; 2,01131e-15; 
3,14159; 2,01131e-15; 
3,14159; 2,01131e-15; 
3,14159; 2,01131e-15; 
3,14159; 2,01131e-15; 
3,14159; 2,01131e-15; 
3,14159; 2,01131e-15; 
3,14159; 2,01131e-15; 
3,14159; 2,01131e-15; 
3,14159; 2,01131e-15; 
3,14159; 2,01131e-15; 
3,14159; 2,01131e-15; 
3,14159; 2,01131e-15; 
3,14159; 2,01131e-15; 
3,14159; 2,01131e-15; 
3,14159; 2,01131e-15; 
3,14159; 2,01131e-15; 
3,14159; 2,01131e-15; 
3,14159; 2,01131e-15; 
3,14159; 2,01131e-15; 
3,14159; 2,01131e-15; 
3,14159; 2,01131e-15; 
3,14159; 2,01131e-15; 
3,14159; 2,01131e-15; 
3,14159; 2,01131e-15; 
3,14159; 2,01131e-15; 
3,14159; 2,01131e-15; 
3,14159; 2,01131e-15; 
3,14159; 2,01131e-15; 
3,14159; 2,01131e-15; 
3,14159; 2,01131e-15; 
3,14159; 2,01131e-15; 
3,14159; 2,01131e-15; 
3,14159; 2,01131e-15; 
3,14159; 2,01131e-15; 
3,14159; 2,01131e-15; 
