5, 1, 20, 
4.98991, 1.01173, 20.695, 
4.97982, 1.02173, 21.3689, 
4.96975, 1.03167, 22.0226, 
4.95968, 1.04155, 22.6569, 
4.94963, 1.05138, 23.2726, 
4.93958, 1.06114, 23.8704, 
4.92955, 1.07085, 24.451, 
4.91953, 1.0805, 25.0152, 
4.90951, 1.0901, 25.5634, 
4.89951, 1.09964, 26.0965, 
4.88952, 1.10912, 26.6148, 
4.87954, 1.11855, 27.1189, 
4.86956, 1.12793, 27.6094, 
4.8596, 1.13725, 28.0868, 
4.84965, 1.14651, 28.5515, 
4.83971, 1.15572, 29.004, 
4.82978, 1.16488, 29.4447, 
4.81986, 1.17399, 29.874, 
4.80995, 1.18305, 30.2923, 
4.80004, 1.19205, 30.7, 
4.79015, 1.201, 31.0975, 
4.78027, 1.2099, 31.485, 
4.7704, 1.21875, 31.8629, 
4.76054, 1.22755, 32.2316, 
4.75069, 1.2363, 32.5913, 
4.74085, 1.24501, 32.9423, 
4.73102, 1.25366, 33.2849, 
4.7212, 1.26226, 33.6194, 
4.7114, 1.27082, 33.9459, 
4.7016, 1.27932, 34.2648, 
4.69181, 1.28778, 34.5763, 
4.68203, 1.29619, 34.8807, 
4.67226, 1.30456, 35.178, 
4.6625, 1.31288, 35.4686, 
4.65275, 1.32115, 35.7526, 
4.64302, 1.32937, 36.0303, 
4.63329, 1.33755, 36.3018, 
4.62357, 1.34569, 36.5672, 
4.61387, 1.35378, 36.8269, 
4.60417, 1.36182, 37.0808, 
4.59448, 1.36982, 37.3293, 
4.58481, 1.37778, 37.5724, 
4.57514, 1.38569, 37.8103, 
4.56548, 1.39356, 38.0431, 
4.55584, 1.40138, 38.271, 
4.5462, 1.40916, 38.4942, 
4.53658, 1.4169, 38.7126, 
4.52696, 1.4246, 38.9265, 
4.51736, 1.43225, 39.136, 
4.50776, 1.43986, 39.3412, 
4.49818, 1.44743, 39.5422, 
4.4886, 1.45496, 39.7391, 
4.47904, 1.46245, 39.932, 
4.46948, 1.46989, 40.1211, 
4.45994, 1.4773, 40.3063, 
4.45041, 1.48466, 40.4879, 
4.44088, 1.49198, 40.6659, 
4.43137, 1.49927, 40.8404, 
4.42187, 1.50651, 41.0115, 
4.41237, 1.51372, 41.1792, 
4.40289, 1.52088, 41.3437, 
4.39342, 1.52801, 41.505, 
4.38396, 1.53509, 41.6632, 
4.3745, 1.54214, 41.8183, 
4.36506, 1.54915, 41.9705, 
4.35563, 1.55612, 42.1198, 
4.34621, 1.56305, 42.2663, 
4.3368, 1.56995, 42.4101, 
4.3274, 1.57681, 42.5511, 
4.31801, 1.58363, 42.6895, 
4.30862, 1.59041, 42.8254, 
4.29925, 1.59716, 42.9587, 
4.28989, 1.60387, 43.0896, 
4.28054, 1.61054, 43.2181, 
4.2712, 1.61717, 43.3442, 
4.26187, 1.62377, 43.468, 
4.25256, 1.63034, 43.5896, 
4.24325, 1.63687, 43.7089, 
4.23395, 1.64336, 43.8261, 
4.22466, 1.64982, 43.9412, 
4.21538, 1.65624, 44.0543, 
4.20611, 1.66262, 44.1653, 
4.19685, 1.66898, 44.2743, 
4.1876, 1.67529, 44.3815, 
4.17837, 1.68157, 44.4867, 
4.16914, 1.68782, 44.59, 
4.15992, 1.69404, 44.6915, 
4.15071, 1.70022, 44.7913, 
4.14152, 1.70636, 44.8893, 
4.13233, 1.71247, 44.9856, 
4.12315, 1.71855, 45.0802, 
4.11399, 1.7246, 45.1732, 
4.10483, 1.73061, 45.2645, 
4.09569, 1.73659, 45.3543, 
4.08655, 1.74254, 45.4426, 
4.07742, 1.74845, 45.5293, 
4.06831, 1.75433, 45.6145, 
4.0592, 1.76018, 45.6983, 
4.05011, 1.766, 45.7806, 
4.04102, 1.77178, 45.8615, 
4.03195, 1.77754, 45.9411, 
4.02288, 1.78326, 46.0193, 
4.01383, 1.78895, 46.0961, 
4.00479, 1.79461, 46.1717, 
3.99575, 1.80023, 46.246, 
3.98673, 1.80583, 46.319, 
3.97771, 1.81139, 46.3908, 
3.96871, 1.81693, 46.4614, 
3.95972, 1.82243, 46.5307, 
3.95074, 1.8279, 46.599, 
3.94176, 1.83335, 46.666, 
3.9328, 1.83876, 46.732, 
3.92385, 1.84414, 46.7968, 
3.91491, 1.84949, 46.8606, 
3.90597, 1.85482, 46.9233, 
3.89705, 1.86011, 46.9849, 
3.88814, 1.86537, 47.0455, 
3.87924, 1.87061, 47.1051, 
3.87035, 1.87581, 47.1637, 
3.86147, 1.88099, 47.2214, 
3.8526, 1.88613, 47.278, 
3.84374, 1.89125, 47.3337, 
3.83489, 1.89634, 47.3885, 
3.82605, 1.9014, 47.4424, 
3.81722, 1.90643, 47.4954, 
3.8084, 1.91143, 47.5475, 
3.79959, 1.91641, 47.5987, 
3.79079, 1.92136, 47.649, 
3.782, 1.92627, 47.6986, 
3.77322, 1.93117, 47.7472, 
3.76445, 1.93603, 47.7951, 
3.75569, 1.94086, 47.8422, 
3.74695, 1.94567, 47.8885, 
3.73821, 1.95045, 47.934, 
3.72948, 1.95521, 47.9787, 
3.72076, 1.95993, 48.0227, 
3.71206, 1.96463, 48.066, 
3.70336, 1.9693, 48.1085, 
3.69467, 1.97395, 48.1503, 
3.68599, 1.97857, 48.1914, 
3.67733, 1.98316, 48.2319, 
3.66867, 1.98773, 48.2716, 
3.66002, 1.99227, 48.3106, 
3.65139, 1.99678, 48.349, 
3.64276, 2.00127, 48.3867, 
3.63415, 2.00573, 48.4238, 
3.62554, 2.01016, 48.4603, 
3.61695, 2.01457, 48.4961, 
3.60836, 2.01896, 48.5313, 
3.59979, 2.02331, 48.566, 
3.59122, 2.02765, 48.6, 
3.58267, 2.03195, 48.6334, 
3.57412, 2.03624, 48.6662, 
3.56559, 2.04049, 48.6985, 
3.55707, 2.04473, 48.7302, 
3.54855, 2.04893, 48.7614, 
3.54005, 2.05311, 48.792, 
3.53156, 2.05727, 48.822, 
3.52307, 2.0614, 48.8516, 
3.5146, 2.06551, 48.8806, 
3.50614, 2.0696, 48.9091, 
3.49768, 2.07366, 48.937, 
3.48924, 2.07769, 48.9645, 
3.48081, 2.0817, 48.9915, 
3.47239, 2.08569, 49.018, 
3.46398, 2.08965, 49.044, 
3.45558, 2.09359, 49.0696, 
3.44718, 2.0975, 49.0946, 
3.4388, 2.1014, 49.1192, 
3.43043, 2.10526, 49.1434, 
3.42207, 2.10911, 49.1671, 
3.41372, 2.11293, 49.1903, 
3.40538, 2.11673, 49.2131, 
3.39705, 2.1205, 49.2355, 
3.38873, 2.12425, 49.2575, 
3.38042, 2.12798, 49.279, 
3.37212, 2.13169, 49.3001, 
3.36383, 2.13537, 49.3208, 
3.35555, 2.13903, 49.3411, 
3.34729, 2.14267, 49.361, 
3.33903, 2.14628, 49.3805, 
3.33078, 2.14987, 49.3997, 
3.32254, 2.15344, 49.4184, 
3.31431, 2.15699, 49.4367, 
3.3061, 2.16052, 49.4547, 
3.29789, 2.16402, 49.4723, 
3.28969, 2.1675, 49.4896, 
3.2815, 2.17096, 49.5064, 
3.27333, 2.1744, 49.523, 
3.26516, 2.17781, 49.5391, 
3.257, 2.1812, 49.555, 
3.24886, 2.18458, 49.5704, 
3.24072, 2.18793, 49.5856, 
3.23259, 2.19125, 49.6004, 
3.22448, 2.19456, 49.6149, 
3.21637, 2.19785, 49.629, 
3.20828, 2.20111, 49.6428, 
3.20019, 2.20436, 49.6563, 
3.19212, 2.20758, 49.6695, 
3.18405, 2.21078, 49.6824, 
3.176, 2.21396, 49.695, 
3.16795, 2.21712, 49.7072, 
3.15992, 2.22026, 49.7192, 
3.1519, 2.22338, 49.7308, 
3.14388, 2.22648, 49.7422, 
3.13588, 2.22955, 49.7533, 
3.12788, 2.23261, 49.7641, 
3.1199, 2.23565, 49.7746, 
3.11193, 2.23866, 49.7848, 
3.10397, 2.24166, 49.7948, 
3.09601, 2.24463, 49.8044, 
3.08807, 2.24759, 49.8138, 
3.08014, 2.25052, 49.823, 
3.07222, 2.25344, 49.8319, 
3.0643, 2.25633, 49.8405, 
3.0564, 2.25921, 49.8488, 
3.04851, 2.26207, 49.8569, 
3.04063, 2.2649, 49.8647, 
3.03276, 2.26772, 49.8723, 
3.0249, 2.27052, 49.8796, 
3.01705, 2.27329, 49.8867, 
3.00921, 2.27605, 49.8936, 
3.00138, 2.27879, 49.9002, 
2.99356, 2.28151, 49.9066, 
2.98575, 2.28421, 49.9127, 
2.97795, 2.28689, 49.9186, 
2.97016, 2.28956, 49.9243, 
2.96238, 2.2922, 49.9297, 
2.95461, 2.29482, 49.9349, 
2.94685, 2.29743, 49.9399, 
2.9391, 2.30002, 49.9447, 
2.93137, 2.30258, 49.9492, 
2.92364, 2.30513, 49.9536, 
2.91592, 2.30767, 49.9577, 
2.90821, 2.31018, 49.9616, 
2.90051, 2.31267, 49.9653, 
2.89283, 2.31515, 49.9688, 
2.88515, 2.31761, 49.9721, 
2.87748, 2.32004, 49.9751, 
2.86983, 2.32247, 49.978, 
2.86218, 2.32487, 49.9807, 
2.85454, 2.32725, 49.9832, 
2.84692, 2.32962, 49.9855, 
2.8393, 2.33197, 49.9876, 
2.83169, 2.3343, 49.9895, 
2.8241, 2.33661, 49.9912, 
2.81651, 2.33891, 49.9927, 
2.80894, 2.34119, 49.994, 
2.80137, 2.34345, 49.9952, 
2.79382, 2.34569, 49.9961, 
2.78627, 2.34792, 49.9969, 
2.77874, 2.35012, 49.9975, 
2.77122, 2.35231, 49.998, 
2.7637, 2.35449, 49.9982, 
2.7562, 2.35664, 49.9983, 
2.7487, 2.35878, 49.9982, 
2.74122, 2.3609, 49.9979, 
2.73375, 2.36301, 49.9975, 
2.72629, 2.3651, 49.9969, 
2.71883, 2.36717, 49.9961, 
2.71139, 2.36922, 49.9952, 
2.70396, 2.37126, 49.9941, 
2.69654, 2.37328, 49.9928, 
2.68912, 2.37528, 49.9914, 
2.68172, 2.37727, 49.9898, 
2.67433, 2.37924, 49.9881, 
2.66695, 2.38119, 49.9862, 
2.65958, 2.38313, 49.9841, 
2.65222, 2.38505, 49.9819, 
2.64487, 2.38695, 49.9795, 
2.63753, 2.38884, 49.977, 
2.6302, 2.39071, 49.9743, 
2.62288, 2.39257, 49.9715, 
2.61557, 2.39441, 49.9686, 
2.60827, 2.39623, 49.9655, 
2.60098, 2.39803, 49.9622, 
2.5937, 2.39983, 49.9588, 
2.58643, 2.4016, 49.9553, 
2.57917, 2.40336, 49.9516, 
2.57192, 2.4051, 49.9478, 
2.56468, 2.40683, 49.9438, 
2.55745, 2.40854, 49.9397, 
2.55023, 2.41024, 49.9355, 
2.54303, 2.41192, 49.9311, 
2.53583, 2.41358, 49.9266, 
2.52864, 2.41523, 49.922, 
2.52146, 2.41687, 49.9172, 
2.5143, 2.41848, 49.9123, 
2.50714, 2.42009, 49.9073, 
2.49999, 2.42167, 49.9021, 
2.49286, 2.42325, 49.8968, 
2.48573, 2.4248, 49.8914, 
2.47861, 2.42635, 49.8859, 
2.47151, 2.42787, 49.8802, 
2.46441, 2.42938, 49.8744, 
2.45733, 2.43088, 49.8685, 
2.45025, 2.43236, 49.8624, 
2.44319, 2.43383, 49.8563, 
2.43613, 2.43528, 49.85, 
2.42909, 2.43672, 49.8436, 
2.42205, 2.43814, 49.8371, 
2.41503, 2.43955, 49.8304, 
2.40801, 2.44094, 49.8237, 
2.40101, 2.44232, 49.8168, 
2.39402, 2.44368, 49.8098, 
2.38703, 2.44503, 49.8027, 
2.38006, 2.44637, 49.7955, 
2.3731, 2.44769, 49.7881, 
2.36614, 2.44899, 49.7807, 
2.3592, 2.45028, 49.7731, 
2.35227, 2.45156, 49.7655, 
2.34535, 2.45282, 49.7577, 
2.33843, 2.45407, 49.7498, 
2.33153, 2.45531, 49.7418, 
2.32464, 2.45653, 49.7337, 
2.31776, 2.45773, 49.7255, 
2.31089, 2.45893, 49.7172, 
2.30403, 2.4601, 49.7088, 
2.29718, 2.46127, 49.7002, 
2.29034, 2.46242, 49.6916, 
2.2835, 2.46356, 49.6829, 
2.27668, 2.46468, 49.674, 
2.26987, 2.46579, 49.6651, 
2.26307, 2.46688, 49.656, 
2.25628, 2.46796, 49.6469, 
2.24951, 2.46903, 49.6377, 
2.24274, 2.47009, 49.6283, 
2.23598, 2.47113, 49.6189, 
2.22923, 2.47216, 49.6093, 
2.22249, 2.47317, 49.5997, 
2.21576, 2.47417, 49.59, 
2.20904, 2.47516, 49.5801, 
2.20233, 2.47613, 49.5702, 
2.19564, 2.47709, 49.5602, 
2.18895, 2.47804, 49.5501, 
2.18227, 2.47897, 49.5398, 
2.1756, 2.47989, 49.5295, 
2.16895, 2.4808, 49.5191, 
2.1623, 2.4817, 49.5086, 
2.15566, 2.48258, 49.4981, 
2.14904, 2.48345, 49.4874, 
2.14242, 2.4843, 49.4766, 
2.13581, 2.48515, 49.4658, 
2.12922, 2.48598, 49.4548, 
2.12263, 2.48679, 49.4438, 
2.11606, 2.4876, 49.4327, 
2.10949, 2.48839, 49.4214, 
2.10294, 2.48917, 49.4101, 
2.09639, 2.48994, 49.3988, 
2.08986, 2.49069, 49.3873, 
2.08333, 2.49143, 49.3757, 
2.07682, 2.49216, 49.3641, 
2.07031, 2.49288, 49.3523, 
2.06382, 2.49358, 49.3405, 
2.05734, 2.49427, 49.3286, 
2.05086, 2.49495, 49.3166, 
2.0444, 2.49562, 49.3046, 
2.03795, 2.49627, 49.2924, 
2.0315, 2.49692, 49.2802, 
2.02507, 2.49755, 49.2679, 
2.01865, 2.49816, 49.2555, 
2.01224, 2.49877, 49.243, 
2.00583, 2.49936, 49.2304, 
1.99944, 2.49995, 49.2178, 
1.99306, 2.50051, 49.205, 
1.98669, 2.50107, 49.1922, 
1.98033, 2.50162, 49.1793, 
1.97398, 2.50215, 49.1664, 
1.96764, 2.50267, 49.1533, 
1.96131, 2.50318, 49.1402, 
1.95498, 2.50368, 49.127, 
1.94867, 2.50417, 49.1137, 
1.94237, 2.50464, 49.1004, 
1.93608, 2.50511, 49.087, 
1.92981, 2.50556, 49.0735, 
1.92354, 2.506, 49.0599, 
1.91728, 2.50643, 49.0462, 
1.91103, 2.50684, 49.0325, 
1.90479, 2.50725, 49.0187, 
1.89856, 2.50764, 49.0048, 
1.89234, 2.50802, 48.9908, 
1.88613, 2.50839, 48.9768, 
1.87993, 2.50875, 48.9627, 
1.87375, 2.5091, 48.9485, 
1.86757, 2.50944, 48.9343, 
1.8614, 2.50977, 48.9199, 
1.85524, 2.51008, 48.9055, 
1.8491, 2.51038, 48.8911, 
1.84296, 2.51068, 48.8765, 
1.83683, 2.51096, 48.8619, 
1.83072, 2.51123, 48.8472, 
1.82461, 2.51149, 48.8324, 
1.81852, 2.51173, 48.8176, 
1.81243, 2.51197, 48.8027, 
1.80635, 2.5122, 48.7878, 
1.80029, 2.51241, 48.7727, 
1.79423, 2.51262, 48.7576, 
1.78819, 2.51281, 48.7424, 
1.78215, 2.51299, 48.7272, 
1.77613, 2.51317, 48.7119, 
1.77011, 2.51333, 48.6965, 
1.76411, 2.51348, 48.681, 
1.75812, 2.51362, 48.6655, 
1.75213, 2.51375, 48.6499, 
1.74616, 2.51386, 48.6342, 
1.74019, 2.51397, 48.6185, 
1.73424, 2.51407, 48.6027, 
1.7283, 2.51416, 48.5869, 
1.72237, 2.51423, 48.5709, 
1.71644, 2.5143, 48.5549, 
1.71053, 2.51436, 48.5389, 
1.70463, 2.5144, 48.5228, 
1.69874, 2.51444, 48.5066, 
1.69285, 2.51446, 48.4903, 
1.68698, 2.51448, 48.474, 
1.68112, 2.51448, 48.4576, 
1.67527, 2.51447, 48.4411, 
1.66943, 2.51446, 48.4246, 
1.6636, 2.51443, 48.408, 
1.65778, 2.5144, 48.3914, 
1.65197, 2.51435, 48.3747, 
1.64617, 2.51429, 48.3579, 
1.64038, 2.51423, 48.3411, 
1.6346, 2.51415, 48.3242, 
1.62883, 2.51406, 48.3072, 
1.62307, 2.51397, 48.2902, 
1.61732, 2.51386, 48.2731, 
1.61158, 2.51375, 48.2559, 
1.60585, 2.51362, 48.2387, 
1.60013, 2.51349, 48.2214, 
1.59442, 2.51334, 48.2041, 
1.58873, 2.51319, 48.1867, 
1.58304, 2.51302, 48.1692, 
1.57736, 2.51285, 48.1517, 
1.57169, 2.51266, 48.1341, 
1.56603, 2.51247, 48.1165, 
1.56039, 2.51227, 48.0987, 
1.55475, 2.51205, 48.081, 
1.54912, 2.51183, 48.0631, 
1.54351, 2.5116, 48.0452, 
1.5379, 2.51136, 48.0273, 
1.5323, 2.51111, 48.0093, 
1.52672, 2.51085, 47.9912, 
1.52114, 2.51058, 47.9731, 
1.51558, 2.5103, 47.9549, 
1.51002, 2.51001, 47.9366, 
1.50448, 2.50971, 47.9183, 
1.49894, 2.50941, 47.8999, 
1.49342, 2.50909, 47.8815, 
1.4879, 2.50877, 47.863, 
1.4824, 2.50843, 47.8444, 
1.4769, 2.50809, 47.8258, 
1.47142, 2.50774, 47.8071, 
1.46594, 2.50737, 47.7884, 
1.46048, 2.507, 47.7696, 
1.45503, 2.50662, 47.7508, 
1.44958, 2.50624, 47.7319, 
1.44415, 2.50584, 47.7129, 
1.43873, 2.50543, 47.6939, 
1.43332, 2.50502, 47.6748, 
1.42791, 2.50459, 47.6556, 
1.42252, 2.50416, 47.6364, 
1.41714, 2.50372, 47.6172, 
1.41177, 2.50327, 47.5979, 
1.40641, 2.50281, 47.5785, 
1.40105, 2.50234, 47.5591, 
1.39571, 2.50186, 47.5396, 
1.39038, 2.50138, 47.52, 
1.38506, 2.50088, 47.5004, 
1.37975, 2.50038, 47.4808, 
1.37445, 2.49987, 47.4611, 
1.36916, 2.49935, 47.4413, 
1.36388, 2.49882, 47.4215, 
1.35861, 2.49828, 47.4016, 
1.35335, 2.49774, 47.3817, 
1.3481, 2.49719, 47.3617, 
1.34286, 2.49662, 47.3416, 
1.33763, 2.49605, 47.3215, 
1.33241, 2.49547, 47.3013, 
1.32721, 2.49489, 47.2811, 
1.32201, 2.49429, 47.2608, 
1.31682, 2.49369, 47.2405, 
1.31164, 2.49307, 47.2201, 
1.30647, 2.49245, 47.1997, 
1.30132, 2.49182, 47.1792, 
1.29617, 2.49119, 47.1586, 
1.29103, 2.49054, 47.138, 
1.2859, 2.48989, 47.1173, 
1.28079, 2.48923, 47.0966, 
1.27568, 2.48856, 47.0758, 
1.27058, 2.48788, 47.055, 
1.2655, 2.48719, 47.0341, 
1.26042, 2.4865, 47.0131, 
1.25536, 2.4858, 46.9921, 
1.2503, 2.48509, 46.9711, 
1.24525, 2.48437, 46.95, 
1.24022, 2.48365, 46.9288, 
1.23519, 2.48291, 46.9076, 
1.23018, 2.48217, 46.8863, 
1.22518, 2.48142, 46.865, 
1.22018, 2.48066, 46.8436, 
1.2152, 2.4799, 46.8222, 
1.21022, 2.47913, 46.8007, 
1.20526, 2.47835, 46.7791, 
1.20031, 2.47756, 46.7575, 
1.19536, 2.47676, 46.7359, 
1.19043, 2.47596, 46.7141, 
1.18551, 2.47515, 46.6924, 
1.18059, 2.47433, 46.6706, 
1.17569, 2.4735, 46.6487, 
1.1708, 2.47267, 46.6268, 
1.16592, 2.47183, 46.6048, 
1.16104, 2.47098, 46.5827, 
1.15618, 2.47013, 46.5606, 
1.15133, 2.46926, 46.5385, 
1.14649, 2.46839, 46.5163, 
1.14166, 2.46751, 46.494, 
1.13684, 2.46663, 46.4717, 
1.13203, 2.46573, 46.4494, 
1.12723, 2.46483, 46.427, 
1.12243, 2.46392, 46.4045, 
1.11765, 2.46301, 46.382, 
1.11288, 2.46209, 46.3594, 
1.10812, 2.46116, 46.3368, 
1.10338, 2.46022, 46.3141, 
1.09864, 2.45928, 46.2913, 
1.09391, 2.45832, 46.2686, 
1.08919, 2.45737, 46.2457, 
1.08448, 2.4564, 46.2228, 
1.07978, 2.45543, 46.1999, 
1.07509, 2.45445, 46.1769, 
1.07041, 2.45346, 46.1538, 
1.06575, 2.45247, 46.1307, 
1.06109, 2.45147, 46.1075, 
1.05644, 2.45046, 46.0843, 
1.0518, 2.44944, 46.061, 
1.04718, 2.44842, 46.0377, 
1.04256, 2.44739, 46.0143, 
1.03795, 2.44636, 45.9909, 
1.03336, 2.44531, 45.9674, 
1.02877, 2.44426, 45.9438, 
1.02419, 2.44321, 45.9203, 
1.01963, 2.44215, 45.8966, 
1.01507, 2.44108, 45.8729, 
1.01053, 2.44, 45.8492, 
1.00599, 2.43892, 45.8253, 
1.00147, 2.43783, 45.8015, 
0.99695, 2.43673, 45.7776, 
0.992445, 2.43562, 45.7536, 
0.987951, 2.43451, 45.7296, 
0.983466, 2.4334, 45.7055, 
0.978992, 2.43227, 45.6814, 
0.974528, 2.43114, 45.6572, 
0.970075, 2.43001, 45.633, 
0.965631, 2.42887, 45.6087, 
0.961198, 2.42772, 45.5843, 
0.956774, 2.42656, 45.5599, 
0.952361, 2.4254, 45.5355, 
0.947959, 2.42423, 45.511, 
0.943566, 2.42305, 45.4864, 
0.939184, 2.42187, 45.4618, 
0.934812, 2.42068, 45.4372, 
0.93045, 2.41949, 45.4124, 
0.926098, 2.41829, 45.3877, 
0.921756, 2.41708, 45.3629, 
0.917425, 2.41587, 45.338, 
0.913104, 2.41465, 45.3131, 
0.908793, 2.41342, 45.2881, 
0.904492, 2.41219, 45.263, 
0.900201, 2.41095, 45.2379, 
0.895921, 2.4097, 45.2128, 
0.891651, 2.40845, 45.1876, 
0.887391, 2.4072, 45.1624, 
0.883141, 2.40593, 45.1371, 
0.878902, 2.40466, 45.1117, 
0.874672, 2.40339, 45.0863, 
0.870453, 2.40211, 45.0608, 
0.866244, 2.40082, 45.0353, 
0.862045, 2.39952, 45.0097, 
0.857857, 2.39822, 44.9841, 
0.853679, 2.39692, 44.9584, 
0.84951, 2.39561, 44.9327, 
0.845352, 2.39429, 44.9069, 
0.841205, 2.39297, 44.8811, 
0.837067, 2.39164, 44.8552, 
0.83294, 2.3903, 44.8292, 
0.828823, 2.38896, 44.8032, 
0.824716, 2.38761, 44.7772, 
0.820619, 2.38626, 44.7511, 
0.816532, 2.3849, 44.7249, 
0.812456, 2.38354, 44.6987, 
0.80839, 2.38217, 44.6724, 
0.804334, 2.38079, 44.6461, 
0.800288, 2.37941, 44.6197, 
0.796253, 2.37802, 44.5933, 
0.792227, 2.37663, 44.5668, 
0.788212, 2.37523, 44.5402, 
0.784207, 2.37382, 44.5136, 
0.780212, 2.37241, 44.487, 
0.776228, 2.371, 44.4603, 
0.772254, 2.36958, 44.4335, 
0.768289, 2.36815, 44.4067, 
0.764336, 2.36672, 44.3799, 
0.760392, 2.36528, 44.3529, 
0.756458, 2.36384, 44.326, 
0.752535, 2.36239, 44.2989, 
0.748622, 2.36093, 44.2718, 
0.744719, 2.35947, 44.2447, 
0.740826, 2.35801, 44.2175, 
0.736944, 2.35654, 44.1903, 
0.733071, 2.35506, 44.163, 
0.729209, 2.35358, 44.1356, 
0.725357, 2.35209, 44.1082, 
0.721515, 2.3506, 44.0807, 
0.717684, 2.3491, 44.0532, 
0.713863, 2.3476, 44.0256, 
0.710051, 2.34609, 43.998, 
0.70625, 2.34458, 43.9703, 
0.70246, 2.34306, 43.9425, 
0.698679, 2.34153, 43.9147, 
0.694909, 2.34, 43.8869, 
0.691149, 2.33847, 43.859, 
0.687399, 2.33693, 43.831, 
0.683659, 2.33539, 43.803, 
0.67993, 2.33384, 43.7749, 
0.67621, 2.33228, 43.7468, 
0.672501, 2.33072, 43.7186, 
0.668802, 2.32915, 43.6904, 
0.665113, 2.32758, 43.6621, 
0.661435, 2.32601, 43.6337, 
0.657767, 2.32443, 43.6053, 
0.654108, 2.32284, 43.5768, 
0.650461, 2.32125, 43.5483, 
0.646823, 2.31966, 43.5197, 
0.643195, 2.31806, 43.4911, 
0.639578, 2.31645, 43.4624, 
0.635971, 2.31484, 43.4337, 
0.632374, 2.31323, 43.4049, 
0.628787, 2.31161, 43.376, 
0.625211, 2.30998, 43.3471, 
0.621644, 2.30835, 43.3181, 
0.618088, 2.30672, 43.2891, 
0.614542, 2.30508, 43.26, 
0.611007, 2.30344, 43.2309, 
0.607481, 2.30179, 43.2017, 
0.603966, 2.30013, 43.1724, 
0.600461, 2.29847, 43.1431, 
0.596966, 2.29681, 43.1138, 
0.593481, 2.29514, 43.0843, 
0.590007, 2.29347, 43.0549, 
0.586542, 2.29179, 43.0253, 
0.583088, 2.29011, 42.9957, 
0.579644, 2.28843, 42.9661, 
0.57621, 2.28674, 42.9364, 
0.572787, 2.28504, 42.9066, 
0.569374, 2.28334, 42.8768, 
0.565971, 2.28163, 42.8469, 
0.562578, 2.27993, 42.817, 
0.559195, 2.27821, 42.787, 
0.555822, 2.27649, 42.7569, 
0.55246, 2.27477, 42.7268, 
0.549108, 2.27304, 42.6966, 
0.545766, 2.27131, 42.6664, 
0.542434, 2.26957, 42.6361, 
0.539113, 2.26783, 42.6058, 
0.535802, 2.26609, 42.5754, 
0.5325, 2.26434, 42.5449, 
0.52921, 2.26259, 42.5144, 
0.525929, 2.26083, 42.4838, 
0.522658, 2.25906, 42.4532, 
0.519398, 2.2573, 42.4225, 
0.516148, 2.25553, 42.3917, 
0.512908, 2.25375, 42.3609, 
0.509678, 2.25197, 42.3301, 
0.506459, 2.25019, 42.2991, 
0.50325, 2.2484, 42.2682, 
0.50005, 2.24661, 42.2371, 
0.496862, 2.24481, 42.206, 
0.493683, 2.24301, 42.1748, 
0.490514, 2.2412, 42.1436, 
0.487356, 2.23939, 42.1123, 
0.484208, 2.23758, 42.081, 
0.48107, 2.23576, 42.0496, 
0.477942, 2.23394, 42.0181, 
0.474825, 2.23212, 41.9866, 
0.471718, 2.23029, 41.955, 
0.468621, 2.22845, 41.9234, 
0.465534, 2.22661, 41.8917, 
0.462457, 2.22477, 41.8599, 
0.45939, 2.22293, 41.8281, 
0.456334, 2.22108, 41.7962, 
0.453288, 2.21922, 41.7642, 
0.450252, 2.21736, 41.7322, 
0.447226, 2.2155, 41.7002, 
0.444211, 2.21364, 41.6681, 
0.441206, 2.21177, 41.6359, 
0.438211, 2.20989, 41.6036, 
0.435226, 2.20801, 41.5713, 
0.432251, 2.20613, 41.5389, 
0.429287, 2.20425, 41.5065, 
0.426332, 2.20236, 41.474, 
0.423388, 2.20046, 41.4415, 
0.420454, 2.19857, 41.4088, 
0.417531, 2.19667, 41.3762, 
0.414617, 2.19476, 41.3434, 
0.411714, 2.19285, 41.3106, 
0.408821, 2.19094, 41.2778, 
0.405938, 2.18903, 41.2448, 
0.403065, 2.18711, 41.2119, 
0.400203, 2.18518, 41.1788, 
0.39735, 2.18326, 41.1457, 
0.394508, 2.18133, 41.1125, 
0.391677, 2.17939, 41.0793, 
0.388855, 2.17746, 41.046, 
0.386043, 2.17551, 41.0126, 
0.383242, 2.17357, 40.9792, 
0.380451, 2.17162, 40.9457, 
0.37767, 2.16967, 40.9122, 
0.374899, 2.16771, 40.8785, 
0.372139, 2.16575, 40.8449, 
0.369389, 2.16379, 40.8111, 
0.366649, 2.16182, 40.7773, 
0.363919, 2.15985, 40.7434, 
0.361199, 2.15788, 40.7095, 
0.35849, 2.1559, 40.6755, 
0.35579, 2.15392, 40.6414, 
0.353101, 2.15194, 40.6073, 
0.350422, 2.14995, 40.5731, 
0.347754, 2.14796, 40.5389, 
0.345095, 2.14597, 40.5046, 
0.342447, 2.14397, 40.4702, 
0.339809, 2.14197, 40.4357, 
0.337181, 2.13996, 40.4012, 
0.334563, 2.13796, 40.3666, 
0.331956, 2.13595, 40.332, 
0.329359, 2.13393, 40.2973, 
0.326772, 2.13191, 40.2625, 
0.324195, 2.12989, 40.2277, 
0.321628, 2.12787, 40.1928, 
0.319072, 2.12584, 40.1578, 
0.316525, 2.12381, 40.1228, 
0.313989, 2.12178, 40.0877, 
0.311464, 2.11974, 40.0525, 
0.308948, 2.1177, 40.0173, 
0.306442, 2.11566, 39.982, 
0.303947, 2.11361, 39.9466, 
0.301462, 2.11156, 39.9111, 
0.298987, 2.10951, 39.8756, 
0.296523, 2.10745, 39.8401, 
0.294068, 2.10539, 39.8044, 
0.291624, 2.10333, 39.7687, 
0.28919, 2.10127, 39.733, 
0.286766, 2.0992, 39.6971, 
0.284352, 2.09713, 39.6612, 
0.281949, 2.09505, 39.6253, 
0.279556, 2.09298, 39.5892, 
0.277173, 2.09089, 39.5531, 
0.2748, 2.08881, 39.5169, 
0.272437, 2.08672, 39.4807, 
0.270085, 2.08464, 39.4444, 
0.267742, 2.08254, 39.408, 
0.26541, 2.08045, 39.3715, 
0.263088, 2.07835, 39.335, 
0.260777, 2.07625, 39.2984, 
0.258475, 2.07414, 39.2618, 
0.256184, 2.07204, 39.225, 
0.253903, 2.06993, 39.1882, 
0.251632, 2.06781, 39.1514, 
0.249372, 2.0657, 39.1144, 
0.247121, 2.06358, 39.0774, 
0.244881, 2.06146, 39.0404, 
0.242651, 2.05934, 39.0032, 
0.240431, 2.05721, 38.966, 
0.238221, 2.05508, 38.9287, 
0.236022, 2.05295, 38.8914, 
0.233833, 2.05081, 38.8539, 
0.231654, 2.04867, 38.8164, 
0.229485, 2.04653, 38.7789, 
0.227326, 2.04439, 38.7412, 
0.225178, 2.04224, 38.7035, 
0.22304, 2.0401, 38.6657, 
0.220911, 2.03794, 38.6279, 
0.218794, 2.03579, 38.5899, 
0.216686, 2.03363, 38.552, 
0.214589, 2.03147, 38.5139, 
0.212501, 2.02931, 38.4757, 
0.210424, 2.02715, 38.4375, 
0.208357, 2.02498, 38.3992, 
0.206301, 2.02281, 38.3609, 
0.204254, 2.02064, 38.3224, 
0.202218, 2.01846, 38.2839, 
0.200192, 2.01629, 38.2454, 
0.198176, 2.01411, 38.2067, 
0.196171, 2.01192, 38.168, 
0.194175, 2.00974, 38.1292, 
0.19219, 2.00755, 38.0903, 
0.190215, 2.00536, 38.0514, 
0.18825, 2.00317, 38.0123, 
0.186296, 2.00097, 37.9732, 
0.184351, 1.99878, 37.9341, 
0.182417, 1.99658, 37.8948, 
0.180493, 1.99438, 37.8555, 
0.178579, 1.99217, 37.8161, 
0.176675, 1.98996, 37.7766, 
0.174782, 1.98775, 37.7371, 
0.172899, 1.98554, 37.6975, 
0.171026, 1.98333, 37.6578, 
0.169163, 1.98111, 37.618, 
0.16731, 1.97889, 37.5782, 
0.165468, 1.97667, 37.5382, 
0.163636, 1.97445, 37.4982, 
0.161814, 1.97222, 37.4581, 
0.160002, 1.97, 37.418, 
0.1582, 1.96777, 37.3778, 
0.156409, 1.96553, 37.3375, 
0.154628, 1.9633, 37.2971, 
0.152857, 1.96106, 37.2566, 
0.151096, 1.95882, 37.2161, 
0.149345, 1.95658, 37.1754, 
0.147605, 1.95434, 37.1348, 
0.145875, 1.95209, 37.094, 
0.144155, 1.94985, 37.0531, 
0.142445, 1.9476, 37.0122, 
0.140745, 1.94534, 36.9712, 
0.139056, 1.94309, 36.9301, 
0.137376, 1.94083, 36.8889, 
0.135707, 1.93858, 36.8477, 
0.134049, 1.93632, 36.8064, 
0.1324, 1.93405, 36.765, 
0.130762, 1.93179, 36.7235, 
0.129133, 1.92952, 36.6819, 
0.127515, 1.92725, 36.6403, 
0.125908, 1.92498, 36.5985, 
0.12431, 1.92271, 36.5567, 
0.122723, 1.92044, 36.5148, 
0.121145, 1.91816, 36.4729, 
0.119578, 1.91588, 36.4308, 
0.118022, 1.9136, 36.3887, 
0.116475, 1.91132, 36.3465, 
0.114939, 1.90903, 36.3042, 
0.113412, 1.90675, 36.2618, 
0.111896, 1.90446, 36.2194, 
0.110391, 1.90217, 36.1768, 
0.108895, 1.89988, 36.1342, 
0.10741, 1.89758, 36.0915, 
0.105934, 1.89529, 36.0487, 
0.104469, 1.89299, 36.0058, 
0.103015, 1.89069, 35.9629, 
0.10157, 1.88839, 35.9198, 
0.100136, 1.88608, 35.8767, 
0.0987114, 1.88378, 35.8335, 
0.0972974, 1.88147, 35.7902, 
0.0958937, 1.87916, 35.7469, 
0.0945001, 1.87685, 35.7034, 
0.0931167, 1.87454, 35.6599, 
0.0917435, 1.87223, 35.6162, 
0.0903805, 1.86991, 35.5725, 
0.0890277, 1.86759, 35.5287, 
0.0876851, 1.86527, 35.4848, 
0.0863527, 1.86295, 35.4409, 
0.0850305, 1.86063, 35.3968, 
0.0837185, 1.85831, 35.3527, 
0.0824167, 1.85598, 35.3084, 
0.0811252, 1.85365, 35.2641, 
0.0798438, 1.85132, 35.2197, 
0.0785726, 1.84899, 35.1752, 
0.0773116, 1.84666, 35.1307, 
0.0760608, 1.84433, 35.086, 
0.0748202, 1.84199, 35.0412, 
0.0735898, 1.83965, 34.9964, 
0.0723697, 1.83731, 34.9515, 
0.0711597, 1.83497, 34.9065, 
0.0699599, 1.83263, 34.8614, 
0.0687703, 1.83029, 34.8162, 
0.0675909, 1.82794, 34.7709, 
0.0664218, 1.8256, 34.7255, 
0.0652628, 1.82325, 34.68, 
0.064114, 1.8209, 34.6345, 
0.0629754, 1.81855, 34.5889, 
0.061847, 1.81619, 34.5431, 
0.0607289, 1.81384, 34.4973, 
0.0596209, 1.81149, 34.4514, 
0.0585231, 1.80913, 34.4054, 
0.0574355, 1.80677, 34.3593, 
0.0563582, 1.80441, 34.3131, 
0.055291, 1.80205, 34.2668, 
0.054234, 1.79969, 34.2205, 
0.0531872, 1.79732, 34.174, 
0.0521507, 1.79496, 34.1275, 
0.0511243, 1.79259, 34.0808, 
0.0501081, 1.79022, 34.0341, 
0.0491022, 1.78785, 33.9872, 
0.0481064, 1.78548, 33.9403, 
0.0471208, 1.78311, 33.8933, 
0.0461454, 1.78074, 33.8462, 
0.0451803, 1.77836, 33.799, 
0.0442253, 1.77598, 33.7517, 
0.0432805, 1.77361, 33.7043, 
0.042346, 1.77123, 33.6568, 
0.0414216, 1.76885, 33.6092, 
0.0405074, 1.76647, 33.5615, 
0.0396035, 1.76409, 33.5138, 
0.0387097, 1.7617, 33.4659, 
0.0378261, 1.75932, 33.4179, 
0.0369528, 1.75693, 33.3699, 
0.0360896, 1.75454, 33.3217, 
0.0352367, 1.75216, 33.2734, 
0.0343939, 1.74977, 33.2251, 
0.0335613, 1.74737, 33.1766, 
0.032739, 1.74498, 33.1281, 
0.0319268, 1.74259, 33.0794, 
0.0311249, 1.7402, 33.0307, 
0.0303331, 1.7378, 32.9818, 
0.0295515, 1.7354, 32.9329, 
0.0287802, 1.73301, 32.8839, 
0.028019, 1.73061, 32.8347, 
0.0272681, 1.72821, 32.7855, 
0.0265273, 1.72581, 32.7362, 
0.0257968, 1.72341, 32.6867, 
0.0250764, 1.721, 32.6372, 
0.0243663, 1.7186, 32.5875, 
0.0236663, 1.71619, 32.5378, 
0.0229765, 1.71379, 32.488, 
0.022297, 1.71138, 32.438, 
0.0216276, 1.70897, 32.388, 
0.0209685, 1.70656, 32.3378, 
0.0203195, 1.70415, 32.2876, 
0.0196808, 1.70174, 32.2372, 
0.0190522, 1.69933, 32.1868, 
0.0184339, 1.69692, 32.1362, 
0.0178257, 1.6945, 32.0856, 
0.0172278, 1.69209, 32.0348, 
0.0166401, 1.68967, 31.9839, 
0.0160625, 1.68726, 31.933, 
0.0154952, 1.68484, 31.8819, 
0.014938, 1.68242, 31.8307, 
0.0143911, 1.68, 31.7794, 
0.0138543, 1.67758, 31.728, 
0.0133278, 1.67516, 31.6765, 
0.0128114, 1.67274, 31.6249, 
0.0123053, 1.67032, 31.5732, 
0.0118094, 1.66789, 31.5214, 
0.0113236, 1.66547, 31.4695, 
0.0108481, 1.66304, 31.4174, 
0.0103827, 1.66062, 31.3653, 
0.0099276, 1.65819, 31.3131, 
0.00948266, 1.65576, 31.2607, 
0.00904793, 1.65334, 31.2083, 
0.00862339, 1.65091, 31.1557, 
0.00820905, 1.64848, 31.103, 
0.00780492, 1.64605, 31.0502, 
0.00741098, 1.64362, 30.9973, 
0.00702725, 1.64118, 30.9443, 
0.00665371, 1.63875, 30.8912, 
0.00629038, 1.63632, 30.838, 
0.00593725, 1.63388, 30.7846, 
0.00559431, 1.63145, 30.7312, 
0.00526158, 1.62901, 30.6776, 
0.00493905, 1.62658, 30.624, 
0.00462672, 1.62414, 30.5702, 
0.00432459, 1.6217, 30.5163, 
0.00403266, 1.61927, 30.4623, 
0.00375093, 1.61683, 30.4082, 
0.0034794, 1.61439, 30.3539, 
0.00321807, 1.61195, 30.2996, 
0.00296695, 1.60951, 30.2451, 
0.00272602, 1.60707, 30.1905, 
0.00249529, 1.60463, 30.1358, 
0.00227477, 1.60218, 30.081, 
0.00206444, 1.59974, 30.0261, 
0.00186432, 1.5973, 29.9711, 
0.0016744, 1.59486, 29.9159, 
0.00149467, 1.59241, 29.8607, 
0.00132515, 1.58997, 29.8053, 
0.00116583, 1.58752, 29.7498, 
0.00101671, 1.58508, 29.6941, 
0.000877788, 1.58263, 29.6384, 
0.000749068, 1.58018, 29.5825, 
0.000630548, 1.57774, 29.5266, 
0.00052223, 1.57529, 29.4705, 
0.000424111, 1.57284, 29.4143, 
0.000336194, 1.57039, 29.3579, 
0.000258477, 1.56794, 29.3015, 
0.000190962, 1.56549, 29.2449, 
0.000133647, 1.56304, 29.1882, 
8.65337e-05, 1.56059, 29.1314, 
4.96238e-05, 1.55814, 29.0745, 
2.29239e-05, 1.55569, 29.0174, 
6.48816e-06, 1.55324, 28.9602, 
6.73778e-08, 1.55079, 28.9029, 
-5.18836e-07, 1.54834, 28.8457, 
-5.18836e-07, 1.5459, 28.7887, 
-5.18836e-07, 1.54347, 28.732, 
-5.18836e-07, 1.54106, 28.6756, 
-5.18836e-07, 1.53865, 28.6194, 
-5.18836e-07, 1.53625, 28.5635, 
-5.18836e-07, 1.53386, 28.5079, 
-5.18836e-07, 1.53148, 28.4526, 
-5.18836e-07, 1.52911, 28.3975, 
-5.18836e-07, 1.52675, 28.3427, 
-5.18836e-07, 1.52439, 28.2882, 
-5.18836e-07, 1.52205, 28.234, 
-5.18836e-07, 1.51972, 28.18, 
-5.18836e-07, 1.5174, 28.1264, 
-5.18836e-07, 1.51508, 28.0729, 
-5.18836e-07, 1.51278, 28.0198, 
-5.18836e-07, 1.51048, 27.9669, 
-5.18836e-07, 1.5082, 27.9143, 
-5.18836e-07, 1.50592, 27.862, 
-5.18836e-07, 1.50366, 27.8099, 
-5.18836e-07, 1.5014, 27.7581, 
-5.18836e-07, 1.49915, 27.7065, 
-5.18836e-07, 1.49691, 27.6553, 
-5.18836e-07, 1.49468, 27.6043, 
-5.18836e-07, 1.49246, 27.5535, 
-5.18836e-07, 1.49025, 27.503, 
-5.18836e-07, 1.48804, 27.4528, 
-5.18836e-07, 1.48585, 27.4029, 
-5.18836e-07, 1.48366, 27.3532, 
-5.18836e-07, 1.48149, 27.3037, 
-5.18836e-07, 1.47932, 27.2546, 
-5.18836e-07, 1.47716, 27.2057, 
-5.18836e-07, 1.47501, 27.157, 
-5.18836e-07, 1.47287, 27.1086, 
-5.18836e-07, 1.47074, 27.0605, 
-5.18836e-07, 1.46862, 27.0126, 
-5.18836e-07, 1.4665, 26.965, 
-5.18836e-07, 1.4644, 26.9176, 
-5.18836e-07, 1.4623, 26.8705, 
-5.18836e-07, 1.46021, 26.8236, 
-5.18836e-07, 1.45813, 26.777, 
-5.18836e-07, 1.45606, 26.7307, 
-5.18836e-07, 1.454, 26.6846, 
-5.18836e-07, 1.45195, 26.6387, 
-5.18836e-07, 1.4499, 26.5931, 
-5.18836e-07, 1.44786, 26.5478, 
-5.18836e-07, 1.44584, 26.5027, 
-5.18836e-07, 1.44382, 26.4578, 
-5.18836e-07, 1.4418, 26.4132, 
-5.18836e-07, 1.4398, 26.3689, 
-5.18836e-07, 1.43781, 26.3248, 
-5.18836e-07, 1.43582, 26.2809, 
-5.18836e-07, 1.43384, 26.2373, 
-5.18836e-07, 1.43187, 26.1939, 
-5.18836e-07, 1.42991, 26.1508, 
-5.18836e-07, 1.42795, 26.1079, 
-5.18836e-07, 1.42601, 26.0652, 
-5.18836e-07, 1.42407, 26.0228, 
-5.18836e-07, 1.42214, 25.9806, 
-5.18836e-07, 1.42022, 25.9387, 
-5.18836e-07, 1.41831, 25.897, 
-5.18836e-07, 1.4164, 25.8555, 
-5.18836e-07, 1.4145, 25.8143, 
-5.18836e-07, 1.41262, 25.7733, 
-5.18836e-07, 1.41073, 25.7326, 
-5.18836e-07, 1.40886, 25.6921, 
-5.18836e-07, 1.407, 25.6518, 
-5.18836e-07, 1.40514, 25.6117, 
-5.18836e-07, 1.40329, 25.5719, 
-5.18836e-07, 1.40145, 25.5323, 
-5.18836e-07, 1.39961, 25.493, 
-5.18836e-07, 1.39778, 25.4538, 
-5.18836e-07, 1.39597, 25.4149, 
-5.18836e-07, 1.39415, 25.3762, 
-5.18836e-07, 1.39235, 25.3378, 
-5.18836e-07, 1.39055, 25.2996, 
-5.18836e-07, 1.38877, 25.2616, 
-5.18836e-07, 1.38699, 25.2238, 
-5.18836e-07, 1.38521, 25.1862, 
-5.18836e-07, 1.38345, 25.1489, 
-5.18836e-07, 1.38169, 25.1118, 
-5.18836e-07, 1.37994, 25.0749, 
-5.18836e-07, 1.37819, 25.0383, 
-5.18836e-07, 1.37646, 25.0018, 
-5.18836e-07, 1.37473, 24.9656, 
-5.18836e-07, 1.37301, 24.9296, 
-5.18836e-07, 1.37129, 24.8938, 
-5.18836e-07, 1.36959, 24.8582, 
-5.18836e-07, 1.36789, 24.8228, 
-5.18836e-07, 1.3662, 24.7877, 
-5.18836e-07, 1.36451, 24.7527, 
-5.18836e-07, 1.36283, 24.718, 
-5.18836e-07, 1.36116, 24.6835, 
-5.18836e-07, 1.3595, 24.6492, 
-5.18836e-07, 1.35784, 24.6151, 
-5.18836e-07, 1.3562, 24.5812, 
-5.18836e-07, 1.35455, 24.5475, 
-5.18836e-07, 1.35292, 24.5141, 
-5.18836e-07, 1.35129, 24.4808, 
-5.18836e-07, 1.34967, 24.4478, 
-5.18836e-07, 1.34806, 24.4149, 
-5.18836e-07, 1.34645, 24.3823, 
-5.18836e-07, 1.34485, 24.3498, 
-5.18836e-07, 1.34325, 24.3176, 
-5.18836e-07, 1.34167, 24.2855, 
-5.18836e-07, 1.34009, 24.2537, 
-5.18836e-07, 1.33852, 24.222, 
-5.18836e-07, 1.33695, 24.1906, 
-5.18836e-07, 1.33539, 24.1593, 
-5.18836e-07, 1.33384, 24.1283, 
-5.18836e-07, 1.33229, 24.0974, 
-5.18836e-07, 1.33075, 24.0668, 
-5.18836e-07, 1.32922, 24.0363, 
-5.18836e-07, 1.32769, 24.0061, 
-5.18836e-07, 1.32618, 23.976, 
-5.18836e-07, 1.32466, 23.9461, 
-5.18836e-07, 1.32316, 23.9164, 
-5.18836e-07, 1.32166, 23.8869, 
-5.18836e-07, 1.32016, 23.8576, 
-5.18836e-07, 1.31868, 23.8285, 
-5.18836e-07, 1.3172, 23.7995, 
-5.18836e-07, 1.31572, 23.7708, 
-5.18836e-07, 1.31426, 23.7422, 
-5.18836e-07, 1.3128, 23.7138, 
-5.18836e-07, 1.31134, 23.6856, 
-5.18836e-07, 1.30989, 23.6576, 
-5.18836e-07, 1.30845, 23.6298, 
-5.18836e-07, 1.30701, 23.6021, 
-5.18836e-07, 1.30559, 23.5747, 
-5.18836e-07, 1.30416, 23.5474, 
-5.18836e-07, 1.30275, 23.5203, 
-5.18836e-07, 1.30133, 23.4933, 
-5.18836e-07, 1.29993, 23.4666, 
-5.18836e-07, 1.29853, 23.44, 
-5.18836e-07, 1.29714, 23.4136, 
-5.18836e-07, 1.29575, 23.3874, 
-5.18836e-07, 1.29437, 23.3613, 
-5.18836e-07, 1.293, 23.3354, 
-5.18836e-07, 1.29163, 23.3097, 
-5.18836e-07, 1.29027, 23.2842, 
-5.18836e-07, 1.28891, 23.2588, 
-5.18836e-07, 1.28756, 23.2336, 
-5.18836e-07, 1.28622, 23.2086, 
-5.18836e-07, 1.28488, 23.1837, 
-5.18836e-07, 1.28355, 23.159, 
-5.18836e-07, 1.28222, 23.1345, 
-5.18836e-07, 1.2809, 23.1101, 
-5.18836e-07, 1.27959, 23.0859, 
-5.18836e-07, 1.27828, 23.0619, 
-5.18836e-07, 1.27697, 23.038, 
-5.18836e-07, 1.27568, 23.0143, 
-5.18836e-07, 1.27439, 22.9908, 
-5.18836e-07, 1.2731, 22.9674, 
-5.18836e-07, 1.27182, 22.9441, 
-5.18836e-07, 1.27054, 22.9211, 
-5.18836e-07, 1.26928, 22.8982, 
-5.18836e-07, 1.26801, 22.8754, 
-5.18836e-07, 1.26675, 22.8528, 
-5.18836e-07, 1.2655, 22.8304, 
-5.18836e-07, 1.26426, 22.8081, 
-5.18836e-07, 1.26301, 22.7859, 
-5.18836e-07, 1.26178, 22.764, 
-5.18836e-07, 1.26055, 22.7421, 
-5.18836e-07, 1.25932, 22.7205, 
-5.18836e-07, 1.2581, 22.6989, 
-5.18836e-07, 1.25689, 22.6775, 
-5.18836e-07, 1.25568, 22.6563, 
-5.18836e-07, 1.25448, 22.6352, 
-5.18836e-07, 1.25328, 22.6143, 
-5.18836e-07, 1.25209, 22.5935, 
-5.18836e-07, 1.2509, 22.5729, 
-5.18836e-07, 1.24972, 22.5524, 
-5.18836e-07, 1.24854, 22.532, 
-5.18836e-07, 1.24737, 22.5118, 
-5.18836e-07, 1.24621, 22.4918, 
-5.18836e-07, 1.24505, 22.4718, 
-5.18836e-07, 1.24389, 22.452, 
-5.18836e-07, 1.24274, 22.4324, 
-5.18836e-07, 1.2416, 22.4129, 
-5.18836e-07, 1.24046, 22.3935, 
-5.18836e-07, 1.23932, 22.3743, 
-5.18836e-07, 1.23819, 22.3552, 
-5.18836e-07, 1.23707, 22.3363, 
-5.18836e-07, 1.23595, 22.3175, 
-5.18836e-07, 1.23483, 22.2988, 
-5.18836e-07, 1.23372, 22.2802, 
-5.18836e-07, 1.23262, 22.2618, 
-5.18836e-07, 1.23152, 22.2435, 
-5.18836e-07, 1.23042, 22.2254, 
-5.18836e-07, 1.22933, 22.2073, 
-5.18836e-07, 1.22825, 22.1895, 
-5.18836e-07, 1.22717, 22.1717, 
-5.18836e-07, 1.22609, 22.1541, 
-5.18836e-07, 1.22502, 22.1366, 
-5.18836e-07, 1.22395, 22.1192, 
-5.18836e-07, 1.22289, 22.1019, 
-5.18836e-07, 1.22184, 22.0848, 
-5.18836e-07, 1.22079, 22.0678, 
-5.18836e-07, 1.21974, 22.0509, 
-5.18836e-07, 1.2187, 22.0342, 
-5.18836e-07, 1.21766, 22.0175, 
-5.18836e-07, 1.21663, 22.001, 
-5.18836e-07, 1.2156, 21.9846, 
-5.18836e-07, 1.21458, 21.9684, 
-5.18836e-07, 1.21356, 21.9522, 
-5.18836e-07, 1.21255, 21.9362, 
-5.18836e-07, 1.21154, 21.9203, 
-5.18836e-07, 1.21053, 21.9045, 
-5.18836e-07, 1.20953, 21.8888, 
-5.18836e-07, 1.20854, 21.8733, 
-5.18836e-07, 1.20754, 21.8578, 
-5.18836e-07, 1.20656, 21.8425, 
-5.18836e-07, 1.20558, 21.8273, 
-5.18836e-07, 1.2046, 21.8122, 
-5.18836e-07, 1.20363, 21.7972, 
-5.18836e-07, 1.20266, 21.7823, 
-5.18836e-07, 1.20169, 21.7676, 
-5.18836e-07, 1.20073, 21.7529, 
-5.18836e-07, 1.19978, 21.7384, 
-5.18836e-07, 1.19883, 21.7239, 
-5.18836e-07, 1.19788, 21.7096, 
-5.18836e-07, 1.19694, 21.6954, 
-5.18836e-07, 1.196, 21.6813, 
-5.18836e-07, 1.19506, 21.6673, 
-5.18836e-07, 1.19413, 21.6534, 
-5.18836e-07, 1.19321, 21.6396, 
-5.18836e-07, 1.19229, 21.6259, 
-5.18836e-07, 1.19137, 21.6123, 
-5.18836e-07, 1.19046, 21.5988, 
-5.18836e-07, 1.18955, 21.5854, 
-5.18836e-07, 1.18864, 21.5722, 
-5.18836e-07, 1.18774, 21.559, 
-5.18836e-07, 1.18685, 21.5459, 
-5.18836e-07, 1.18596, 21.5329, 
-5.18836e-07, 1.18507, 21.5201, 
-5.18836e-07, 1.18418, 21.5073, 
-5.18836e-07, 1.1833, 21.4946, 
-5.18836e-07, 1.18243, 21.482, 
-5.18836e-07, 1.18156, 21.4695, 
-5.18836e-07, 1.18069, 21.4571, 
-5.18836e-07, 1.17982, 21.4449, 
-5.18836e-07, 1.17896, 21.4327, 
-5.18836e-07, 1.17811, 21.4206, 
-5.18836e-07, 1.17726, 21.4085, 
-5.18836e-07, 1.17641, 21.3966, 
-5.18836e-07, 1.17556, 21.3848, 
-5.18836e-07, 1.17472, 21.3731, 
-5.18836e-07, 1.17389, 21.3614, 
-5.18836e-07, 1.17305, 21.3499, 
-5.18836e-07, 1.17222, 21.3384, 
-5.18836e-07, 1.1714, 21.327, 
-5.18836e-07, 1.17058, 21.3157, 
-5.18836e-07, 1.16976, 21.3046, 
-5.18836e-07, 1.16895, 21.2934, 
-5.18836e-07, 1.16814, 21.2824, 
-5.18836e-07, 1.16733, 21.2715, 
-5.18836e-07, 1.16653, 21.2606, 
-5.18836e-07, 1.16573, 21.2499, 
-5.18836e-07, 1.16493, 21.2392, 
-5.18836e-07, 1.16414, 21.2286, 
-5.18836e-07, 1.16336, 21.2181, 
-5.18836e-07, 1.16257, 21.2077, 
-5.18836e-07, 1.16179, 21.1973, 
-5.18836e-07, 1.16101, 21.187, 
-5.18836e-07, 1.16024, 21.1769, 
-5.18836e-07, 1.15947, 21.1668, 
-5.18836e-07, 1.15871, 21.1567, 
-5.18836e-07, 1.15794, 21.1468, 
-5.18836e-07, 1.15718, 21.1369, 
-5.18836e-07, 1.15643, 21.1271, 
-5.18836e-07, 1.15568, 21.1174, 
-5.18836e-07, 1.15493, 21.1078, 
-5.18836e-07, 1.15418, 21.0982, 
-5.18836e-07, 1.15344, 21.0888, 
-5.18836e-07, 1.1527, 21.0794, 
-5.18836e-07, 1.15197, 21.07, 
-5.18836e-07, 1.15124, 21.0608, 
-5.18836e-07, 1.15051, 21.0516, 
-5.18836e-07, 1.14978, 21.0425, 
-5.18836e-07, 1.14906, 21.0335, 
-5.18836e-07, 1.14835, 21.0245, 
-5.18836e-07, 1.14763, 21.0156, 
-5.18836e-07, 1.14692, 21.0068, 
-5.18836e-07, 1.14621, 20.9981, 
-5.18836e-07, 1.14551, 20.9894, 
-5.18836e-07, 1.14481, 20.9808, 
-5.18836e-07, 1.14411, 20.9723, 
-5.18836e-07, 1.14341, 20.9638, 
-5.18836e-07, 1.14272, 20.9554, 
-5.18836e-07, 1.14203, 20.9471, 
-5.18836e-07, 1.14135, 20.9388, 
-5.18836e-07, 1.14067, 20.9306, 
-5.18836e-07, 1.13999, 20.9225, 
-5.18836e-07, 1.13931, 20.9145, 
-5.18836e-07, 1.13864, 20.9065, 
-5.18836e-07, 1.13797, 20.8985, 
-5.18836e-07, 1.13731, 20.8907, 
-5.18836e-07, 1.13664, 20.8829, 
-5.18836e-07, 1.13598, 20.8751, 
-5.18836e-07, 1.13533, 20.8675, 
-5.18836e-07, 1.13467, 20.8598, 
-5.18836e-07, 1.13402, 20.8523, 
-5.18836e-07, 1.13338, 20.8448, 
-5.18836e-07, 1.13273, 20.8374, 
-5.18836e-07, 1.13209, 20.83, 
-5.18836e-07, 1.13145, 20.8227, 
-5.18836e-07, 1.13082, 20.8155, 
-5.18836e-07, 1.13018, 20.8083, 
-5.18836e-07, 1.12955, 20.8012, 
-5.18836e-07, 1.12893, 20.7941, 
-5.18836e-07, 1.1283, 20.7871, 
-5.18836e-07, 1.12768, 20.7802, 
-5.18836e-07, 1.12707, 20.7733, 
-5.18836e-07, 1.12645, 20.7664, 
-5.18836e-07, 1.12584, 20.7597, 
-5.18836e-07, 1.12523, 20.753, 
-5.18836e-07, 1.12462, 20.7463, 
-5.18836e-07, 1.12402, 20.7397, 
-5.18836e-07, 1.12342, 20.7331, 
-5.18836e-07, 1.12282, 20.7266, 
-5.18836e-07, 1.12223, 20.7202, 
-5.18836e-07, 1.12163, 20.7138, 
-5.18836e-07, 1.12104, 20.7075, 
-5.18836e-07, 1.12046, 20.7012, 
-5.18836e-07, 1.11987, 20.6949, 
-5.18836e-07, 1.11929, 20.6888, 
-5.18836e-07, 1.11872, 20.6826, 
-5.18836e-07, 1.11814, 20.6766, 
-5.18836e-07, 1.11757, 20.6705, 
-5.18836e-07, 1.117, 20.6646, 
-5.18836e-07, 1.11643, 20.6586, 
-5.18836e-07, 1.11586, 20.6528, 
-5.18836e-07, 1.1153, 20.6469, 
-5.18836e-07, 1.11474, 20.6412, 
-5.18836e-07, 1.11419, 20.6354, 
-5.18836e-07, 1.11363, 20.6297, 
-5.18836e-07, 1.11308, 20.6241, 
-5.18836e-07, 1.11253, 20.6185, 
-5.18836e-07, 1.11199, 20.613, 
-5.18836e-07, 1.11144, 20.6075, 
-5.18836e-07, 1.1109, 20.6021, 
-5.18836e-07, 1.11036, 20.5967, 
-5.18836e-07, 1.10983, 20.5913, 
-5.18836e-07, 1.10929, 20.586, 
-5.18836e-07, 1.10876, 20.5808, 
-5.18836e-07, 1.10823, 20.5755, 
-5.18836e-07, 1.10771, 20.5704, 
-5.18836e-07, 1.10718, 20.5652, 
-5.18836e-07, 1.10666, 20.5602, 
-5.18836e-07, 1.10614, 20.5551, 
-5.18836e-07, 1.10563, 20.5501, 
-5.18836e-07, 1.10511, 20.5452, 
-5.18836e-07, 1.1046, 20.5403, 
-5.18836e-07, 1.10409, 20.5354, 
-5.18836e-07, 1.10359, 20.5306, 
-5.18836e-07, 1.10308, 20.5258, 
-5.18836e-07, 1.10258, 20.521, 
-5.18836e-07, 1.10208, 20.5163, 
-5.18836e-07, 1.10159, 20.5117, 
-5.18836e-07, 1.10109, 20.507, 
-5.18836e-07, 1.1006, 20.5024, 
-5.18836e-07, 1.10011, 20.4979, 
-5.18836e-07, 1.09962, 20.4934, 
-5.18836e-07, 1.09914, 20.4889, 
-5.18836e-07, 1.09865, 20.4845, 
-5.18836e-07, 1.09817, 20.4801, 
-5.18836e-07, 1.0977, 20.4758, 
-5.18836e-07, 1.09722, 20.4714, 
-5.18836e-07, 1.09675, 20.4672, 
-5.18836e-07, 1.09627, 20.4629, 
-5.18836e-07, 1.0958, 20.4587, 
-5.18836e-07, 1.09534, 20.4545, 
-5.18836e-07, 1.09487, 20.4504, 
-5.18836e-07, 1.09441, 20.4463, 
-5.18836e-07, 1.09395, 20.4423, 
-5.18836e-07, 1.09349, 20.4382, 
-5.18836e-07, 1.09304, 20.4342, 
-5.18836e-07, 1.09258, 20.4303, 
-5.18836e-07, 1.09213, 20.4264, 
-5.18836e-07, 1.09168, 20.4225, 
-5.18836e-07, 1.09123, 20.4186, 
-5.18836e-07, 1.09079, 20.4148, 
-5.18836e-07, 1.09035, 20.411, 
-5.18836e-07, 1.08991, 20.4073, 
-5.18836e-07, 1.08947, 20.4035, 
-5.18836e-07, 1.08903, 20.3999, 
-5.18836e-07, 1.0886, 20.3962, 
-5.18836e-07, 1.08816, 20.3926, 
-5.18836e-07, 1.08773, 20.389, 
-5.18836e-07, 1.0873, 20.3854, 
-5.18836e-07, 1.08688, 20.3819, 
-5.18836e-07, 1.08645, 20.3784, 
-5.18836e-07, 1.08603, 20.3749, 
-5.18836e-07, 1.08561, 20.3715, 
-5.18836e-07, 1.08519, 20.3681, 
-5.18836e-07, 1.08478, 20.3647, 
-5.18836e-07, 1.08436, 20.3614, 
-5.18836e-07, 1.08395, 20.358, 
-5.18836e-07, 1.08354, 20.3548, 
-5.18836e-07, 1.08313, 20.3515, 
-5.18836e-07, 1.08272, 20.3483, 
-5.18836e-07, 1.08232, 20.3451, 
-5.18836e-07, 1.08192, 20.3419, 
-5.18836e-07, 1.08152, 20.3387, 
-5.18836e-07, 1.08112, 20.3356, 
-5.18836e-07, 1.08072, 20.3325, 
-5.18836e-07, 1.08033, 20.3295, 
-5.18836e-07, 1.07993, 20.3264, 
-5.18836e-07, 1.07954, 20.3234, 
-5.18836e-07, 1.07915, 20.3204, 
-5.18836e-07, 1.07877, 20.3175, 
-5.18836e-07, 1.07838, 20.3146, 
-5.18836e-07, 1.078, 20.3117, 
-5.18836e-07, 1.07762, 20.3088, 
-5.18836e-07, 1.07724, 20.3059, 
-5.18836e-07, 1.07686, 20.3031, 
-5.18836e-07, 1.07648, 20.3003, 
-5.18836e-07, 1.07611, 20.2975, 
-5.18836e-07, 1.07573, 20.2948, 
-5.18836e-07, 1.07536, 20.292, 
-5.18836e-07, 1.07499, 20.2893, 
-5.18836e-07, 1.07463, 20.2867, 
-5.18836e-07, 1.07426, 20.284, 
-5.18836e-07, 1.0739, 20.2814, 
-5.18836e-07, 1.07354, 20.2788, 
-5.18836e-07, 1.07318, 20.2762, 
-5.18836e-07, 1.07282, 20.2736, 
-5.18836e-07, 1.07246, 20.2711, 
-5.18836e-07, 1.07211, 20.2686, 
-5.18836e-07, 1.07175, 20.2661, 
-5.18836e-07, 1.0714, 20.2636, 
-5.18836e-07, 1.07105, 20.2611, 
-5.18836e-07, 1.0707, 20.2587, 
-5.18836e-07, 1.07036, 20.2563, 
-5.18836e-07, 1.07001, 20.2539, 
-5.18836e-07, 1.06967, 20.2516, 
-5.18836e-07, 1.06933, 20.2492, 
-5.18836e-07, 1.06899, 20.2469, 
-5.18836e-07, 1.06865, 20.2446, 
-5.18836e-07, 1.06831, 20.2423, 
-5.18836e-07, 1.06798, 20.2401, 
-5.18836e-07, 1.06764, 20.2378, 
-5.18836e-07, 1.06731, 20.2356, 
-5.18836e-07, 1.06698, 20.2334, 
-5.18836e-07, 1.06665, 20.2312, 
-5.18836e-07, 1.06632, 20.2291, 
-5.18836e-07, 1.066, 20.2269, 
-5.18836e-07, 1.06567, 20.2248, 
-5.18836e-07, 1.06535, 20.2227, 
-5.18836e-07, 1.06503, 20.2206, 
-5.18836e-07, 1.06471, 20.2186, 
-5.18836e-07, 1.06439, 20.2165, 
-5.18836e-07, 1.06408, 20.2145, 
-5.18836e-07, 1.06376, 20.2125, 
-5.18836e-07, 1.06345, 20.2105, 
-5.18836e-07, 1.06314, 20.2085, 
-5.18836e-07, 1.06283, 20.2066, 
-5.18836e-07, 1.06252, 20.2047, 
-5.18836e-07, 1.06221, 20.2027, 
-5.18836e-07, 1.06191, 20.2008, 
-5.18836e-07, 1.0616, 20.199, 
-5.18836e-07, 1.0613, 20.1971, 
-5.18836e-07, 1.061, 20.1952, 
-5.18836e-07, 1.0607, 20.1934, 
-5.18836e-07, 1.0604, 20.1916, 
-5.18836e-07, 1.0601, 20.1898, 
-5.18836e-07, 1.05981, 20.188, 
-5.18836e-07, 1.05952, 20.1862, 
-5.18836e-07, 1.05922, 20.1845, 
-5.18836e-07, 1.05893, 20.1828, 
-5.18836e-07, 1.05864, 20.181, 
-5.18836e-07, 1.05835, 20.1793, 
-5.18836e-07, 1.05807, 20.1777, 
-5.18836e-07, 1.05778, 20.176, 
-5.18836e-07, 1.0575, 20.1743, 
-5.18836e-07, 1.05721, 20.1727, 
-5.18836e-07, 1.05693, 20.1711, 
-5.18836e-07, 1.05665, 20.1694, 
-5.18836e-07, 1.05637, 20.1679, 
-5.18836e-07, 1.0561, 20.1663, 
-5.18836e-07, 1.05582, 20.1647, 
-5.18836e-07, 1.05555, 20.1632, 
-5.18836e-07, 1.05527, 20.1616, 
-5.18836e-07, 1.055, 20.1601, 
-5.18836e-07, 1.05473, 20.1586, 
-5.18836e-07, 1.05446, 20.1571, 
-5.18836e-07, 1.05419, 20.1556, 
-5.18836e-07, 1.05393, 20.1541, 
-5.18836e-07, 1.05366, 20.1527, 
-5.18836e-07, 1.0534, 20.1512, 
-5.18836e-07, 1.05313, 20.1498, 
-5.18836e-07, 1.05287, 20.1484, 
-5.18836e-07, 1.05261, 20.147, 
-5.18836e-07, 1.05235, 20.1456, 
-5.18836e-07, 1.05209, 20.1442, 
-5.18836e-07, 1.05184, 20.1429, 
-5.18836e-07, 1.05158, 20.1415, 
-5.18836e-07, 1.05133, 20.1402, 
-5.18836e-07, 1.05108, 20.1388, 
-5.18836e-07, 1.05082, 20.1375, 
-5.18836e-07, 1.05057, 20.1362, 
-5.18836e-07, 1.05033, 20.1349, 
-5.18836e-07, 1.05008, 20.1336, 
-5.18836e-07, 1.04983, 20.1324, 
-5.18836e-07, 1.04959, 20.1311, 
-5.18836e-07, 1.04934, 20.1299, 
-5.18836e-07, 1.0491, 20.1286, 
-5.18836e-07, 1.04886, 20.1274, 
-5.18836e-07, 1.04861, 20.1262, 
-5.18836e-07, 1.04838, 20.125, 
-5.18836e-07, 1.04814, 20.1238, 
-5.18836e-07, 1.0479, 20.1227, 
-5.18836e-07, 1.04766, 20.1215, 
-5.18836e-07, 1.04743, 20.1203, 
-5.18836e-07, 1.04719, 20.1192, 
-5.18836e-07, 1.04696, 20.1181, 
-5.18836e-07, 1.04673, 20.1169, 
-5.18836e-07, 1.0465, 20.1158, 
-5.18836e-07, 1.04627, 20.1147, 
-5.18836e-07, 1.04604, 20.1136, 
-5.18836e-07, 1.04582, 20.1126, 
-5.18836e-07, 1.04559, 20.1115, 
-5.18836e-07, 1.04536, 20.1104, 
-5.18836e-07, 1.04514, 20.1094, 
-5.18836e-07, 1.04492, 20.1083, 
-5.18836e-07, 1.0447, 20.1073, 
-5.18836e-07, 1.04448, 20.1063, 
-5.18836e-07, 1.04426, 20.1053, 
-5.18836e-07, 1.04404, 20.1043, 
-5.18836e-07, 1.04382, 20.1033, 
-5.18836e-07, 1.04361, 20.1023, 
-5.18836e-07, 1.04339, 20.1013, 
-5.18836e-07, 1.04318, 20.1003, 
-5.18836e-07, 1.04296, 20.0994, 
-5.18836e-07, 1.04275, 20.0984, 
-5.18836e-07, 1.04254, 20.0975, 
-5.18836e-07, 1.04233, 20.0966, 
-5.18836e-07, 1.04212, 20.0956, 
-5.18836e-07, 1.04191, 20.0947, 
-5.18836e-07, 1.04171, 20.0938, 
-5.18836e-07, 1.0415, 20.0929, 
-5.18836e-07, 1.0413, 20.092, 
-5.18836e-07, 1.04109, 20.0912, 
-5.18836e-07, 1.04089, 20.0903, 
-5.18836e-07, 1.04069, 20.0894, 
-5.18836e-07, 1.04049, 20.0886, 
-5.18836e-07, 1.04029, 20.0877, 
-5.18836e-07, 1.04009, 20.0869, 
-5.18836e-07, 1.03989, 20.086, 
-5.18836e-07, 1.03969, 20.0852, 
-5.18836e-07, 1.0395, 20.0844, 
-5.18836e-07, 1.0393, 20.0836, 
-5.18836e-07, 1.03911, 20.0828, 
-5.18836e-07, 1.03891, 20.082, 
-5.18836e-07, 1.03872, 20.0812, 
-5.18836e-07, 1.03853, 20.0804, 
-5.18836e-07, 1.03834, 20.0797, 
-5.18836e-07, 1.03815, 20.0789, 
-5.18836e-07, 1.03796, 20.0782, 
-5.18836e-07, 1.03777, 20.0774, 
-5.18836e-07, 1.03759, 20.0767, 
-5.18836e-07, 1.0374, 20.0759, 
-5.18836e-07, 1.03722, 20.0752, 
-5.18836e-07, 1.03703, 20.0745, 
-5.18836e-07, 1.03685, 20.0738, 
-5.18836e-07, 1.03667, 20.0731, 
-5.18836e-07, 1.03649, 20.0724, 
-5.18836e-07, 1.03631, 20.0717, 
-5.18836e-07, 1.03613, 20.071, 
-5.18836e-07, 1.03595, 20.0703, 
-5.18836e-07, 1.03577, 20.0696, 
-5.18836e-07, 1.03559, 20.0689, 
-5.18836e-07, 1.03542, 20.0683, 
-5.18836e-07, 1.03524, 20.0676, 
-5.18836e-07, 1.03507, 20.067, 
-5.18836e-07, 1.0349, 20.0663, 
-5.18836e-07, 1.03472, 20.0657, 
-5.18836e-07, 1.03455, 20.0651, 
-5.18836e-07, 1.03438, 20.0644, 
-5.18836e-07, 1.03421, 20.0638, 
-5.18836e-07, 1.03404, 20.0632, 
-5.18836e-07, 1.03387, 20.0626, 
-5.18836e-07, 1.0337, 20.062, 
-5.18836e-07, 1.03354, 20.0614, 
-5.18836e-07, 1.03337, 20.0608, 
-5.18836e-07, 1.03321, 20.0602, 
-5.18836e-07, 1.03304, 20.0596, 
-5.18836e-07, 1.03288, 20.0591, 
-5.18836e-07, 1.03272, 20.0585, 
-5.18836e-07, 1.03255, 20.0579, 
-5.18836e-07, 1.03239, 20.0574, 
-5.18836e-07, 1.03223, 20.0568, 
-5.18836e-07, 1.03207, 20.0563, 
-5.18836e-07, 1.03192, 20.0557, 
-5.18836e-07, 1.03176, 20.0552, 
-5.18836e-07, 1.0316, 20.0547, 
-5.18836e-07, 1.03144, 20.0541, 
-5.18836e-07, 1.03129, 20.0536, 
-5.18836e-07, 1.03113, 20.0531, 
-5.18836e-07, 1.03098, 20.0526, 
-5.18836e-07, 1.03083, 20.0521, 
-5.18836e-07, 1.03067, 20.0516, 
-5.18836e-07, 1.03052, 20.0511, 
-5.18836e-07, 1.03037, 20.0506, 
-5.18836e-07, 1.03022, 20.0501, 
-5.18836e-07, 1.03007, 20.0496, 
-5.18836e-07, 1.02992, 20.0491, 
-5.18836e-07, 1.02977, 20.0486, 
-5.18836e-07, 1.02963, 20.0482, 
-5.18836e-07, 1.02948, 20.0477, 
-5.18836e-07, 1.02933, 20.0473, 
-5.18836e-07, 1.02919, 20.0468, 
-5.18836e-07, 1.02904, 20.0463, 
-5.18836e-07, 1.0289, 20.0459, 
-5.18836e-07, 1.02876, 20.0455, 
-5.18836e-07, 1.02861, 20.045, 
-5.18836e-07, 1.02847, 20.0446, 
-5.18836e-07, 1.02833, 20.0441, 
-5.18836e-07, 1.02819, 20.0437, 
-5.18836e-07, 1.02805, 20.0433, 
-5.18836e-07, 1.02791, 20.0429, 
-5.18836e-07, 1.02777, 20.0425, 
-5.18836e-07, 1.02764, 20.042, 
-5.18836e-07, 1.0275, 20.0416, 
-5.18836e-07, 1.02736, 20.0412, 
-5.18836e-07, 1.02723, 20.0408, 
-5.18836e-07, 1.02709, 20.0404, 
-5.18836e-07, 1.02696, 20.0401, 
-5.18836e-07, 1.02683, 20.0397, 
-5.18836e-07, 1.02669, 20.0393, 
-5.18836e-07, 1.02656, 20.0389, 
-5.18836e-07, 1.02643, 20.0385, 
-5.18836e-07, 1.0263, 20.0381, 
-5.18836e-07, 1.02617, 20.0378, 
-5.18836e-07, 1.02604, 20.0374, 
-5.18836e-07, 1.02591, 20.037, 
-5.18836e-07, 1.02578, 20.0367, 
-5.18836e-07, 1.02565, 20.0363, 
-5.18836e-07, 1.02553, 20.036, 
-5.18836e-07, 1.0254, 20.0356, 
-5.18836e-07, 1.02527, 20.0353, 
-5.18836e-07, 1.02515, 20.0349, 
-5.18836e-07, 1.02502, 20.0346, 
-5.18836e-07, 1.0249, 20.0343, 
-5.18836e-07, 1.02478, 20.0339, 
-5.18836e-07, 1.02465, 20.0336, 
-5.18836e-07, 1.02453, 20.0333, 
-5.18836e-07, 1.02441, 20.033, 
-5.18836e-07, 1.02429, 20.0326, 
-5.18836e-07, 1.02417, 20.0323, 
-5.18836e-07, 1.02405, 20.032, 
-5.18836e-07, 1.02393, 20.0317, 
-5.18836e-07, 1.02381, 20.0314, 
-5.18836e-07, 1.02369, 20.0311, 
-5.18836e-07, 1.02357, 20.0308, 
-5.18836e-07, 1.02346, 20.0305, 
-5.18836e-07, 1.02334, 20.0302, 
-5.18836e-07, 1.02323, 20.0299, 
-5.18836e-07, 1.02311, 20.0296, 
-5.18836e-07, 1.023, 20.0293, 
-5.18836e-07, 1.02288, 20.029, 
-5.18836e-07, 1.02277, 20.0287, 
-5.18836e-07, 1.02266, 20.0285, 
-5.18836e-07, 1.02254, 20.0282, 
-5.18836e-07, 1.02243, 20.0279, 
-5.18836e-07, 1.02232, 20.0276, 
-5.18836e-07, 1.02221, 20.0274, 
-5.18836e-07, 1.0221, 20.0271, 
-5.18836e-07, 1.02199, 20.0268, 
-5.18836e-07, 1.02188, 20.0266, 
-5.18836e-07, 1.02177, 20.0263, 
-5.18836e-07, 1.02166, 20.0261, 
-5.18836e-07, 1.02156, 20.0258, 
-5.18836e-07, 1.02145, 20.0256, 
-5.18836e-07, 1.02134, 20.0253, 
-5.18836e-07, 1.02124, 20.0251, 
-5.18836e-07, 1.02113, 20.0248, 
-5.18836e-07, 1.02103, 20.0246, 
-5.18836e-07, 1.02092, 20.0243, 
-5.18836e-07, 1.02082, 20.0241, 
-5.18836e-07, 1.02072, 20.0239, 
-5.18836e-07, 1.02061, 20.0236, 
-5.18836e-07, 1.02051, 20.0234, 
-5.18836e-07, 1.02041, 20.0232, 
-5.18836e-07, 1.02031, 20.0229, 
-5.18836e-07, 1.02021, 20.0227, 
-5.18836e-07, 1.02011, 20.0225, 
-5.18836e-07, 1.02001, 20.0223, 
-5.18836e-07, 1.01991, 20.0221, 
-5.18836e-07, 1.01981, 20.0219, 
-5.18836e-07, 1.01971, 20.0216, 
-5.18836e-07, 1.01961, 20.0214, 
-5.18836e-07, 1.01952, 20.0212, 
-5.18836e-07, 1.01942, 20.021, 
-5.18836e-07, 1.01932, 20.0208, 
-5.18836e-07, 1.01923, 20.0206, 
-5.18836e-07, 1.01913, 20.0204, 
-5.18836e-07, 1.01904, 20.0202, 
-5.18836e-07, 1.01894, 20.02, 
-5.18836e-07, 1.01885, 20.0198, 
-5.18836e-07, 1.01875, 20.0196, 
-5.18836e-07, 1.01866, 20.0194, 
-5.18836e-07, 1.01857, 20.0192, 
-5.18836e-07, 1.01848, 20.019, 
-5.18836e-07, 1.01838, 20.0189, 
-5.18836e-07, 1.01829, 20.0187, 
-5.18836e-07, 1.0182, 20.0185, 
-5.18836e-07, 1.01811, 20.0183, 
-5.18836e-07, 1.01802, 20.0181, 
-5.18836e-07, 1.01793, 20.018, 
-5.18836e-07, 1.01784, 20.0178, 
-5.18836e-07, 1.01775, 20.0176, 
-5.18836e-07, 1.01767, 20.0174, 
-5.18836e-07, 1.01758, 20.0173, 
-5.18836e-07, 1.01749, 20.0171, 
-5.18836e-07, 1.0174, 20.0169, 
-5.18836e-07, 1.01732, 20.0168, 
-5.18836e-07, 1.01723, 20.0166, 
-5.18836e-07, 1.01715, 20.0164, 
-5.18836e-07, 1.01706, 20.0163, 
-5.18836e-07, 1.01698, 20.0161, 
-5.18836e-07, 1.01689, 20.016, 
-5.18836e-07, 1.01681, 20.0158, 
-5.18836e-07, 1.01673, 20.0156, 
-5.18836e-07, 1.01664, 20.0155, 
-5.18836e-07, 1.01656, 20.0153, 
-5.18836e-07, 1.01648, 20.0152, 
-5.18836e-07, 1.0164, 20.015, 
-5.18836e-07, 1.01631, 20.0149, 
-5.18836e-07, 1.01623, 20.0148, 
-5.18836e-07, 1.01615, 20.0146, 
-5.18836e-07, 1.01607, 20.0145, 
-5.18836e-07, 1.01599, 20.0143, 
-5.18836e-07, 1.01591, 20.0142, 
-5.18836e-07, 1.01583, 20.014, 
-5.18836e-07, 1.01576, 20.0139, 
-5.18836e-07, 1.01568, 20.0138, 
-5.18836e-07, 1.0156, 20.0136, 
-5.18836e-07, 1.01552, 20.0135, 
-5.18836e-07, 1.01544, 20.0134, 
-5.18836e-07, 1.01537, 20.0132, 
-5.18836e-07, 1.01529, 20.0131, 
-5.18836e-07, 1.01522, 20.013, 
-5.18836e-07, 1.01514, 20.0129, 
-5.18836e-07, 1.01506, 20.0127, 
-5.18836e-07, 1.01499, 20.0126, 
-5.18836e-07, 1.01492, 20.0125, 
-5.18836e-07, 1.01484, 20.0124, 
-5.18836e-07, 1.01477, 20.0122, 
-5.18836e-07, 1.01469, 20.0121, 
-5.18836e-07, 1.01462, 20.012, 
-5.18836e-07, 1.01455, 20.0119, 
-5.18836e-07, 1.01448, 20.0118, 
-5.18836e-07, 1.0144, 20.0116, 
-5.18836e-07, 1.01433, 20.0115, 
-5.18836e-07, 1.01426, 20.0114, 
-5.18836e-07, 1.01419, 20.0113, 
-5.18836e-07, 1.01412, 20.0112, 
-5.18836e-07, 1.01405, 20.0111, 
-5.18836e-07, 1.01398, 20.011, 
-5.18836e-07, 1.01391, 20.0109, 
-5.18836e-07, 1.01384, 20.0108, 
-5.18836e-07, 1.01377, 20.0107, 
-5.18836e-07, 1.0137, 20.0106, 
-5.18836e-07, 1.01364, 20.0104, 
-5.18836e-07, 1.01357, 20.0103, 
-5.18836e-07, 1.0135, 20.0102, 
-5.18836e-07, 1.01343, 20.0101, 
-5.18836e-07, 1.01337, 20.01, 
-5.18836e-07, 1.0133, 20.0099, 
-5.18836e-07, 1.01323, 20.0098, 
-5.18836e-07, 1.01317, 20.0098, 
-5.18836e-07, 1.0131, 20.0097, 
-5.18836e-07, 1.01304, 20.0096, 
-5.18836e-07, 1.01297, 20.0095, 
-5.18836e-07, 1.01291, 20.0094, 
-5.18836e-07, 1.01284, 20.0093, 
-5.18836e-07, 1.01278, 20.0092, 
-5.18836e-07, 1.01272, 20.0091, 
-5.18836e-07, 1.01265, 20.009, 
-5.18836e-07, 1.01259, 20.0089, 
-5.18836e-07, 1.01253, 20.0088, 
-5.18836e-07, 1.01247, 20.0087, 
-5.18836e-07, 1.0124, 20.0087, 
-5.18836e-07, 1.01234, 20.0086, 
-5.18836e-07, 1.01228, 20.0085, 
-5.18836e-07, 1.01222, 20.0084, 
-5.18836e-07, 1.01216, 20.0083, 
-5.18836e-07, 1.0121, 20.0082, 
-5.18836e-07, 1.01204, 20.0082, 
-5.18836e-07, 1.01198, 20.0081, 
-5.18836e-07, 1.01192, 20.008, 
-5.18836e-07, 1.01186, 20.0079, 
-5.18836e-07, 1.0118, 20.0078, 
-5.18836e-07, 1.01174, 20.0078, 
-5.18836e-07, 1.01168, 20.0077, 
-5.18836e-07, 1.01163, 20.0076, 
-5.18836e-07, 1.01157, 20.0075, 
-5.18836e-07, 1.01151, 20.0075, 
-5.18836e-07, 1.01145, 20.0074, 
-5.18836e-07, 1.0114, 20.0073, 
-5.18836e-07, 1.01134, 20.0072, 
-5.18836e-07, 1.01128, 20.0072, 
-5.18836e-07, 1.01123, 20.0071, 
-5.18836e-07, 1.01117, 20.007, 
-5.18836e-07, 1.01112, 20.007, 
-5.18836e-07, 1.01106, 20.0069, 
-5.18836e-07, 1.01101, 20.0068, 
-5.18836e-07, 1.01095, 20.0068, 
-5.18836e-07, 1.0109, 20.0067, 
-5.18836e-07, 1.01084, 20.0066, 
-5.18836e-07, 1.01079, 20.0066, 
-5.18836e-07, 1.01073, 20.0065, 
-5.18836e-07, 1.01068, 20.0064, 
-5.18836e-07, 1.01063, 20.0064, 
-5.18836e-07, 1.01058, 20.0063, 
-5.18836e-07, 1.01052, 20.0062, 
-5.18836e-07, 1.01047, 20.0062, 
-5.18836e-07, 1.01042, 20.0061, 
-5.18836e-07, 1.01037, 20.0061, 
-5.18836e-07, 1.01032, 20.006, 
-5.18836e-07, 1.01026, 20.0059, 
-5.18836e-07, 1.01021, 20.0059, 
-5.18836e-07, 1.01016, 20.0058, 
-5.18836e-07, 1.01011, 20.0058, 
-5.18836e-07, 1.01006, 20.0057, 
-5.18836e-07, 1.01001, 20.0057, 
-5.18836e-07, 1.00996, 20.0056, 
-5.18836e-07, 1.00991, 20.0055, 
-5.18836e-07, 1.00986, 20.0055, 
-5.18836e-07, 1.00981, 20.0054, 
-5.18836e-07, 1.00976, 20.0054, 
-5.18836e-07, 1.00972, 20.0053, 
-5.18836e-07, 1.00967, 20.0053, 
-5.18836e-07, 1.00962, 20.0052, 
-5.18836e-07, 1.00957, 20.0052, 
-5.18836e-07, 1.00952, 20.0051, 
-5.18836e-07, 1.00948, 20.0051, 
-5.18836e-07, 1.00943, 20.005, 
-5.18836e-07, 1.00938, 20.005, 
-5.18836e-07, 1.00934, 20.0049, 
-5.18836e-07, 1.00929, 20.0049, 
-5.18836e-07, 1.00924, 20.0048, 
-5.18836e-07, 1.0092, 20.0048, 
-5.18836e-07, 1.00915, 20.0047, 
-5.18836e-07, 1.00911, 20.0047, 
-5.18836e-07, 1.00906, 20.0046, 
-5.18836e-07, 1.00902, 20.0046, 
-5.18836e-07, 1.00897, 20.0046, 
-5.18836e-07, 1.00893, 20.0045, 
-5.18836e-07, 1.00888, 20.0045, 
-5.18836e-07, 1.00884, 20.0044, 
-5.18836e-07, 1.00879, 20.0044, 
-5.18836e-07, 1.00875, 20.0043, 
-5.18836e-07, 1.00871, 20.0043, 
-5.18836e-07, 1.00866, 20.0042, 
-5.18836e-07, 1.00862, 20.0042, 
-5.18836e-07, 1.00858, 20.0042, 
-5.18836e-07, 1.00853, 20.0041, 
-5.18836e-07, 1.00849, 20.0041, 
-5.18836e-07, 1.00845, 20.004, 
-5.18836e-07, 1.00841, 20.004, 
-5.18836e-07, 1.00837, 20.004, 
-5.18836e-07, 1.00832, 20.0039, 
-5.18836e-07, 1.00828, 20.0039, 
-5.18836e-07, 1.00824, 20.0038, 
-5.18836e-07, 1.0082, 20.0038, 
-5.18836e-07, 1.00816, 20.0038, 
-5.18836e-07, 1.00812, 20.0037, 
-5.18836e-07, 1.00808, 20.0037, 
-5.18836e-07, 1.00804, 20.0037, 
-5.18836e-07, 1.008, 20.0036, 
-5.18836e-07, 1.00796, 20.0036, 
-5.18836e-07, 1.00792, 20.0036, 
-5.18836e-07, 1.00788, 20.0035, 
-5.18836e-07, 1.00784, 20.0035, 
-5.18836e-07, 1.0078, 20.0034, 
-5.18836e-07, 1.00776, 20.0034, 
-5.18836e-07, 1.00772, 20.0034, 
-5.18836e-07, 1.00769, 20.0033, 
-5.18836e-07, 1.00765, 20.0033, 
-5.18836e-07, 1.00761, 20.0033, 
-5.18836e-07, 1.00757, 20.0032, 
-5.18836e-07, 1.00753, 20.0032, 
-5.18836e-07, 1.0075, 20.0032, 
-5.18836e-07, 1.00746, 20.0032, 
-5.18836e-07, 1.00742, 20.0031, 
-5.18836e-07, 1.00738, 20.0031, 
-5.18836e-07, 1.00735, 20.0031, 
-5.18836e-07, 1.00731, 20.003, 
-5.18836e-07, 1.00728, 20.003, 
-5.18836e-07, 1.00724, 20.003, 
-5.18836e-07, 1.0072, 20.0029, 
-5.18836e-07, 1.00717, 20.0029, 
-5.18836e-07, 1.00713, 20.0029, 
-5.18836e-07, 1.0071, 20.0029, 
-5.18836e-07, 1.00706, 20.0028, 
-5.18836e-07, 1.00703, 20.0028, 
-5.18836e-07, 1.00699, 20.0028, 
-5.18836e-07, 1.00696, 20.0027, 
-5.18836e-07, 1.00692, 20.0027, 
-5.18836e-07, 1.00689, 20.0027, 
-5.18836e-07, 1.00685, 20.0027, 
-5.18836e-07, 1.00682, 20.0026, 
-5.18836e-07, 1.00678, 20.0026, 
-5.18836e-07, 1.00675, 20.0026, 
-5.18836e-07, 1.00672, 20.0026, 
-5.18836e-07, 1.00668, 20.0025, 
-5.18836e-07, 1.00665, 20.0025, 
-5.18836e-07, 1.00662, 20.0025, 
-5.18836e-07, 1.00658, 20.0025, 
-5.18836e-07, 1.00655, 20.0024, 
-5.18836e-07, 1.00652, 20.0024, 
-5.18836e-07, 1.00649, 20.0024, 
-5.18836e-07, 1.00645, 20.0024, 
-5.18836e-07, 1.00642, 20.0023, 
-5.18836e-07, 1.00639, 20.0023, 
-5.18836e-07, 1.00636, 20.0023, 
-5.18836e-07, 1.00633, 20.0023, 
-5.18836e-07, 1.00629, 20.0023, 
-5.18836e-07, 1.00626, 20.0022, 
-5.18836e-07, 1.00623, 20.0022, 
-5.18836e-07, 1.0062, 20.0022, 
-5.18836e-07, 1.00617, 20.0022, 
-5.18836e-07, 1.00614, 20.0021, 
-5.18836e-07, 1.00611, 20.0021, 
-5.18836e-07, 1.00608, 20.0021, 
-5.18836e-07, 1.00605, 20.0021, 
-5.18836e-07, 1.00602, 20.0021, 
-5.18836e-07, 1.00599, 20.002, 
-5.18836e-07, 1.00596, 20.002, 
-5.18836e-07, 1.00593, 20.002, 
-5.18836e-07, 1.0059, 20.002, 
-5.18836e-07, 1.00587, 20.002, 
-5.18836e-07, 1.00584, 20.0019, 
-5.18836e-07, 1.00581, 20.0019, 
-5.18836e-07, 1.00578, 20.0019, 
-5.18836e-07, 1.00575, 20.0019, 
-5.18836e-07, 1.00573, 20.0019, 
-5.18836e-07, 1.0057, 20.0018, 
-5.18836e-07, 1.00567, 20.0018, 
-5.18836e-07, 1.00564, 20.0018, 
-5.18836e-07, 1.00561, 20.0018, 
-5.18836e-07, 1.00558, 20.0018, 
-5.18836e-07, 1.00556, 20.0018, 
-5.18836e-07, 1.00553, 20.0017, 
-5.18836e-07, 1.0055, 20.0017, 
-5.18836e-07, 1.00547, 20.0017, 
-5.18836e-07, 1.00545, 20.0017, 
-5.18836e-07, 1.00542, 20.0017, 
-5.18836e-07, 1.00539, 20.0017, 
-5.18836e-07, 1.00537, 20.0016, 
-5.18836e-07, 1.00534, 20.0016, 
-5.18836e-07, 1.00531, 20.0016, 
-5.18836e-07, 1.00529, 20.0016, 
-5.18836e-07, 1.00526, 20.0016, 
-5.18836e-07, 1.00523, 20.0016, 
-5.18836e-07, 1.00521, 20.0015, 
-5.18836e-07, 1.00518, 20.0015, 
-5.18836e-07, 1.00516, 20.0015, 
-5.18836e-07, 1.00513, 20.0015, 
-5.18836e-07, 1.0051, 20.0015, 
-5.18836e-07, 1.00508, 20.0015, 
-5.18836e-07, 1.00505, 20.0015, 
-5.18836e-07, 1.00503, 20.0014, 
-5.18836e-07, 1.005, 20.0014, 
-5.18836e-07, 1.00498, 20.0014, 
-5.18836e-07, 1.00495, 20.0014, 
-5.18836e-07, 1.00493, 20.0014, 
-5.18836e-07, 1.0049, 20.0014, 
-5.18836e-07, 1.00488, 20.0014, 
-5.18836e-07, 1.00486, 20.0013, 
-5.18836e-07, 1.00483, 20.0013, 
-5.18836e-07, 1.00481, 20.0013, 
-5.18836e-07, 1.00478, 20.0013, 
-5.18836e-07, 1.00476, 20.0013, 
-5.18836e-07, 1.00474, 20.0013, 
-5.18836e-07, 1.00471, 20.0013, 
-5.18836e-07, 1.00469, 20.0013, 
-5.18836e-07, 1.00467, 20.0012, 
-5.18836e-07, 1.00464, 20.0012, 
-5.18836e-07, 1.00462, 20.0012, 
-5.18836e-07, 1.0046, 20.0012, 
-5.18836e-07, 1.00457, 20.0012, 
-5.18836e-07, 1.00455, 20.0012, 
-5.18836e-07, 1.00453, 20.0012, 
-5.18836e-07, 1.00451, 20.0012, 
-5.18836e-07, 1.00448, 20.0011, 
-5.18836e-07, 1.00446, 20.0011, 
-5.18836e-07, 1.00444, 20.0011, 
-5.18836e-07, 1.00442, 20.0011, 
-5.18836e-07, 1.00439, 20.0011, 
-5.18836e-07, 1.00437, 20.0011, 
-5.18836e-07, 1.00435, 20.0011, 
-5.18836e-07, 1.00433, 20.0011, 
-5.18836e-07, 1.00431, 20.0011, 
-5.18836e-07, 1.00429, 20.001, 
-5.18836e-07, 1.00426, 20.001, 
-5.18836e-07, 1.00424, 20.001, 
-5.18836e-07, 1.00422, 20.001, 
-5.18836e-07, 1.0042, 20.001, 
-5.18836e-07, 1.00418, 20.001, 
-5.18836e-07, 1.00416, 20.001, 
-5.18836e-07, 1.00414, 20.001, 
-5.18836e-07, 1.00412, 20.001, 
-5.18836e-07, 1.0041, 20.001, 
-5.18836e-07, 1.00408, 20.0009, 
-5.18836e-07, 1.00406, 20.0009, 
-5.18836e-07, 1.00404, 20.0009, 
-5.18836e-07, 1.00402, 20.0009, 
