5; 1; 20; 
4,98992; 1,01171; 20,694; 
4,97985; 1,0217; 21,367; 
4,96979; 1,03163; 22,0198; 
4,95974; 1,0415; 22,6533; 
4,9497; 1,05131; 23,2682; 
4,93967; 1,06106; 23,8653; 
4,92965; 1,07076; 24,4452; 
4,91964; 1,0804; 25,0087; 
4,90964; 1,08998; 25,5564; 
4,89965; 1,0995; 26,0887; 
4,88967; 1,10897; 26,6065; 
4,8797; 1,11839; 27,1101; 
4,86975; 1,12775; 27,6001; 
4,8598; 1,13706; 28,0769; 
4,84986; 1,14631; 28,5412; 
4,83993; 1,15551; 28,9932; 
4,83001; 1,16466; 29,4334; 
4,8201; 1,17375; 29,8623; 
4,81021; 1,1828; 30,2802; 
4,80032; 1,19179; 30,6876; 
4,79044; 1,20073; 31,0846; 
4,78058; 1,20962; 31,4718; 
4,77072; 1,21845; 31,8494; 
4,76087; 1,22724; 32,2178; 
4,75104; 1,23598; 32,5772; 
4,74121; 1,24467; 32,9279; 
4,73139; 1,25331; 33,2702; 
4,72159; 1,2619; 33,6044; 
4,71179; 1,27045; 33,9307; 
4,70201; 1,27894; 34,2493; 
4,69223; 1,28739; 34,5606; 
4,68246; 1,29579; 34,8647; 
4,67271; 1,30414; 35,1618; 
4,66296; 1,31245; 35,4522; 
4,65323; 1,32071; 35,7361; 
4,64351; 1,32893; 36,0135; 
4,63379; 1,33709; 36,2848; 
4,62409; 1,34522; 36,5501; 
4,61439; 1,3533; 36,8096; 
4,60471; 1,36133; 37,0634; 
4,59503; 1,36932; 37,3117; 
4,58537; 1,37726; 37,5546; 
4,57572; 1,38516; 37,7924; 
4,56607; 1,39302; 38,0251; 
4,55644; 1,40084; 38,2529; 
4,54682; 1,40861; 38,4758; 
4,53721; 1,41633; 38,6942; 
4,5276; 1,42402; 38,908; 
4,51801; 1,43166; 39,1173; 
4,50843; 1,43926; 39,3224; 
4,49886; 1,44682; 39,5233; 
4,48929; 1,45434; 39,7201; 
4,47974; 1,46182; 39,913; 
4,4702; 1,46925; 40,1019; 
4,46067; 1,47665; 40,2871; 
4,45115; 1,484; 40,4686; 
4,44164; 1,49132; 40,6465; 
4,43214; 1,49859; 40,8209; 
4,42265; 1,50582; 40,9919; 
4,41317; 1,51302; 41,1596; 
4,4037; 1,52017; 41,324; 
4,39424; 1,52729; 41,4852; 
4,38479; 1,53437; 41,6433; 
4,37535; 1,54141; 41,7984; 
4,36592; 1,54841; 41,9506; 
4,3565; 1,55537; 42,0998; 
4,34709; 1,56229; 42,2463; 
4,33769; 1,56918; 42,39; 
4,3283; 1,57603; 42,531; 
4,31892; 1,58284; 42,6693; 
4,30955; 1,58961; 42,8051; 
4,30019; 1,59635; 42,9384; 
4,29085; 1,60305; 43,0693; 
4,28151; 1,60971; 43,1977; 
4,27218; 1,61634; 43,3238; 
4,26286; 1,62293; 43,4476; 
4,25355; 1,62949; 43,5691; 
4,24426; 1,63601; 43,6884; 
4,23497; 1,64249; 43,8056; 
4,22569; 1,64894; 43,9207; 
4,21643; 1,65535; 44,0337; 
4,20717; 1,66173; 44,1447; 
4,19792; 1,66807; 44,2537; 
4,18869; 1,67438; 44,3608; 
4,17946; 1,68066; 44,466; 
4,17024; 1,6869; 44,5693; 
4,16104; 1,6931; 44,6708; 
4,15184; 1,69928; 44,7706; 
4,14266; 1,70541; 44,8685; 
4,13348; 1,71152; 44,9648; 
4,12432; 1,71759; 45,0594; 
4,11516; 1,72363; 45,1524; 
4,10602; 1,72963; 45,2437; 
4,09688; 1,7356; 45,3335; 
4,08776; 1,74154; 45,4217; 
4,07864; 1,74745; 45,5084; 
4,06954; 1,75332; 45,5936; 
4,06045; 1,75916; 45,6774; 
4,05136; 1,76497; 45,7597; 
4,04229; 1,77075; 45,8406; 
4,03322; 1,7765; 45,9202; 
4,02417; 1,78221; 45,9983; 
4,01513; 1,78789; 46,0752; 
4,00609; 1,79354; 46,1507; 
3,99707; 1,79916; 46,225; 
3,98806; 1,80475; 46,298; 
3,97906; 1,81031; 46,3698; 
3,97007; 1,81584; 46,4404; 
3,96108; 1,82134; 46,5098; 
3,95211; 1,8268; 46,578; 
3,94315; 1,83224; 46,6451; 
3,9342; 1,83764; 46,711; 
3,92526; 1,84302; 46,7759; 
3,91633; 1,84836; 46,8397; 
3,9074; 1,85368; 46,9023; 
3,89849; 1,85897; 46,964; 
3,88959; 1,86422; 47,0246; 
3,8807; 1,86945; 47,0842; 
3,87182; 1,87465; 47,1428; 
3,86295; 1,87982; 47,2004; 
3,85409; 1,88496; 47,2571; 
3,84524; 1,89007; 47,3128; 
3,8364; 1,89515; 47,3676; 
3,82757; 1,9002; 47,4215; 
3,81875; 1,90523; 47,4744; 
3,80994; 1,91023; 47,5265; 
3,80115; 1,9152; 47,5778; 
3,79236; 1,92014; 47,6281; 
3,78358; 1,92505; 47,6777; 
3,77481; 1,92993; 47,7264; 
3,76605; 1,93479; 47,7742; 
3,7573; 1,93962; 47,8213; 
3,74857; 1,94442; 47,8676; 
3,73984; 1,9492; 47,9131; 
3,73112; 1,95395; 47,9579; 
3,72241; 1,95867; 48,0019; 
3,71372; 1,96336; 48,0452; 
3,70503; 1,96803; 48,0877; 
3,69635; 1,97267; 48,1295; 
3,68768; 1,97728; 48,1706; 
3,67903; 1,98187; 48,2111; 
3,67038; 1,98643; 48,2508; 
3,66175; 1,99096; 48,2898; 
3,65312; 1,99547; 48,3282; 
3,6445; 1,99995; 48,366; 
3,6359; 2,00441; 48,4031; 
3,6273; 2,00884; 48,4396; 
3,61872; 2,01324; 48,4754; 
3,61014; 2,01762; 48,5106; 
3,60158; 2,02197; 48,5453; 
3,59302; 2,0263; 48,5793; 
3,58448; 2,0306; 48,6127; 
3,57594; 2,03488; 48,6456; 
3,56742; 2,03913; 48,6778; 
3,5589; 2,04336; 48,7096; 
3,5504; 2,04756; 48,7407; 
3,54191; 2,05174; 48,7714; 
3,53342; 2,05589; 48,8014; 
3,52495; 2,06002; 48,831; 
3,51649; 2,06412; 48,86; 
3,50803; 2,0682; 48,8885; 
3,49959; 2,07226; 48,9165; 
3,49116; 2,07629; 48,944; 
3,48274; 2,08029; 48,971; 
3,47432; 2,08427; 48,9975; 
3,46592; 2,08823; 49,0235; 
3,45753; 2,09217; 49,0491; 
3,44915; 2,09608; 49,0742; 
3,44078; 2,09997; 49,0988; 
3,43241; 2,10383; 49,1229; 
3,42406; 2,10767; 49,1467; 
3,41572; 2,11149; 49,1699; 
3,40739; 2,11528; 49,1928; 
3,39907; 2,11905; 49,2151; 
3,39076; 2,1228; 49,2371; 
3,38246; 2,12652; 49,2587; 
3,37417; 2,13022; 49,2798; 
3,36589; 2,1339; 49,3005; 
3,35762; 2,13756; 49,3208; 
3,34936; 2,14119; 49,3408; 
3,34111; 2,1448; 49,3603; 
3,33287; 2,14839; 49,3794; 
3,32464; 2,15196; 49,3982; 
3,31642; 2,1555; 49,4165; 
3,30821; 2,15902; 49,4345; 
3,30001; 2,16252; 49,4522; 
3,29182; 2,166; 49,4694; 
3,28365; 2,16945; 49,4863; 
3,27548; 2,17289; 49,5028; 
3,26732; 2,1763; 49,519; 
3,25917; 2,17969; 49,5349; 
3,25103; 2,18306; 49,5504; 
3,24291; 2,1864; 49,5655; 
3,23479; 2,18973; 49,5804; 
3,22668; 2,19303; 49,5948; 
3,21858; 2,19631; 49,609; 
3,2105; 2,19958; 49,6229; 
3,20242; 2,20282; 49,6364; 
3,19435; 2,20603; 49,6496; 
3,1863; 2,20923; 49,6625; 
3,17825; 2,21241; 49,6751; 
3,17022; 2,21557; 49,6873; 
3,16219; 2,2187; 49,6993; 
3,15417; 2,22182; 49,711; 
3,14617; 2,22491; 49,7224; 
3,13817; 2,22799; 49,7335; 
3,13019; 2,23104; 49,7443; 
3,12221; 2,23407; 49,7548; 
3,11425; 2,23709; 49,7651; 
3,10629; 2,24008; 49,775; 
3,09835; 2,24305; 49,7847; 
3,09041; 2,246; 49,7942; 
3,08249; 2,24894; 49,8033; 
3,07458; 2,25185; 49,8122; 
3,06667; 2,25474; 49,8208; 
3,05878; 2,25762; 49,8292; 
3,0509; 2,26047; 49,8373; 
3,04302; 2,2633; 49,8452; 
3,03516; 2,26612; 49,8528; 
3,02731; 2,26891; 49,8601; 
3,01946; 2,27169; 49,8672; 
3,01163; 2,27444; 49,8741; 
3,00381; 2,27718; 49,8807; 
2,996; 2,2799; 49,8871; 
2,98819; 2,2826; 49,8933; 
2,9804; 2,28527; 49,8992; 
2,97262; 2,28793; 49,9049; 
2,96485; 2,29058; 49,9103; 
2,95709; 2,2932; 49,9156; 
2,94934; 2,2958; 49,9206; 
2,94159; 2,29839; 49,9254; 
2,93386; 2,30095; 49,93; 
2,92614; 2,3035; 49,9343; 
2,91843; 2,30603; 49,9385; 
2,91073; 2,30854; 49,9424; 
2,90304; 2,31103; 49,9461; 
2,89536; 2,31351; 49,9496; 
2,88769; 2,31596; 49,9529; 
2,88003; 2,3184; 49,956; 
2,87238; 2,32082; 49,9589; 
2,86474; 2,32322; 49,9616; 
2,85711; 2,3256; 49,9641; 
2,8495; 2,32797; 49,9664; 
2,84189; 2,33032; 49,9686; 
2,83429; 2,33264; 49,9705; 
2,8267; 2,33496; 49,9722; 
2,81912; 2,33725; 49,9738; 
2,81155; 2,33953; 49,9751; 
2,804; 2,34179; 49,9763; 
2,79645; 2,34403; 49,9773; 
2,78891; 2,34625; 49,9781; 
2,78138; 2,34846; 49,9787; 
2,77387; 2,35065; 49,9792; 
2,76636; 2,35282; 49,9794; 
2,75886; 2,35497; 49,9795; 
2,75137; 2,35711; 49,9795; 
2,7439; 2,35923; 49,9792; 
2,73643; 2,36133; 49,9788; 
2,72898; 2,36342; 49,9782; 
2,72153; 2,36549; 49,9775; 
2,71409; 2,36754; 49,9766; 
2,70667; 2,36958; 49,9755; 
2,69925; 2,3716; 49,9742; 
2,69185; 2,3736; 49,9728; 
2,68445; 2,37558; 49,9713; 
2,67707; 2,37755; 49,9696; 
2,66969; 2,3795; 49,9677; 
2,66233; 2,38144; 49,9656; 
2,65497; 2,38336; 49,9635; 
2,64763; 2,38526; 49,9611; 
2,64029; 2,38715; 49,9586; 
2,63297; 2,38902; 49,956; 
2,62566; 2,39087; 49,9532; 
2,61835; 2,39271; 49,9503; 
2,61106; 2,39453; 49,9472; 
2,60378; 2,39634; 49,944; 
2,5965; 2,39813; 49,9406; 
2,58924; 2,39991; 49,9371; 
2,58199; 2,40166; 49,9334; 
2,57474; 2,40341; 49,9296; 
2,56751; 2,40513; 49,9257; 
2,56029; 2,40684; 49,9216; 
2,55308; 2,40854; 49,9174; 
2,54588; 2,41022; 49,9131; 
2,53868; 2,41188; 49,9086; 
2,5315; 2,41353; 49,904; 
2,52433; 2,41517; 49,8992; 
2,51717; 2,41678; 49,8944; 
2,51002; 2,41839; 49,8894; 
2,50288; 2,41997; 49,8842; 
2,49575; 2,42154; 49,879; 
2,48863; 2,4231; 49,8736; 
2,48152; 2,42464; 49,8681; 
2,47442; 2,42617; 49,8624; 
2,46733; 2,42768; 49,8566; 
2,46025; 2,42918; 49,8508; 
2,45318; 2,43066; 49,8447; 
2,44612; 2,43213; 49,8386; 
2,43907; 2,43358; 49,8323; 
2,43203; 2,43501; 49,826; 
2,425; 2,43644; 49,8195; 
2,41798; 2,43784; 49,8129; 
2,41097; 2,43924; 49,8061; 
2,40397; 2,44061; 49,7993; 
2,39699; 2,44198; 49,7923; 
2,39001; 2,44333; 49,7852; 
2,38304; 2,44466; 49,778; 
2,37608; 2,44598; 49,7707; 
2,36913; 2,44729; 49,7633; 
2,3622; 2,44858; 49,7558; 
2,35527; 2,44986; 49,7482; 
2,34835; 2,45112; 49,7404; 
2,34145; 2,45237; 49,7325; 
2,33455; 2,4536; 49,7246; 
2,32766; 2,45482; 49,7165; 
2,32079; 2,45603; 49,7083; 
2,31392; 2,45722; 49,7; 
2,30706; 2,4584; 49,6916; 
2,30022; 2,45957; 49,6831; 
2,29338; 2,46072; 49,6745; 
2,28656; 2,46186; 49,6658; 
2,27974; 2,46298; 49,657; 
2,27294; 2,46409; 49,6481; 
2,26614; 2,46518; 49,6391; 
2,25936; 2,46627; 49,63; 
2,25258; 2,46733; 49,6208; 
2,24582; 2,46839; 49,6115; 
2,23906; 2,46943; 49,602; 
2,23232; 2,47046; 49,5925; 
2,22558; 2,47147; 49,5829; 
2,21886; 2,47248; 49,5732; 
2,21215; 2,47346; 49,5634; 
2,20544; 2,47444; 49,5535; 
2,19875; 2,4754; 49,5435; 
2,19207; 2,47635; 49,5334; 
2,18539; 2,47728; 49,5233; 
2,17873; 2,47821; 49,513; 
2,17208; 2,47911; 49,5026; 
2,16544; 2,48001; 49,4922; 
2,1588; 2,48089; 49,4816; 
2,15218; 2,48176; 49,471; 
2,14557; 2,48262; 49,4602; 
2,13897; 2,48346; 49,4494; 
2,13238; 2,48429; 49,4385; 
2,1258; 2,48511; 49,4275; 
2,11922; 2,48592; 49,4164; 
2,11266; 2,48671; 49,4052; 
2,10611; 2,48749; 49,3939; 
2,09957; 2,48826; 49,3826; 
2,09304; 2,48902; 49,3711; 
2,08652; 2,48976; 49,3596; 
2,08001; 2,49049; 49,348; 
2,07351; 2,49121; 49,3363; 
2,06702; 2,49191; 49,3245; 
2,06054; 2,4926; 49,3126; 
2,05407; 2,49328; 49,3007; 
2,04761; 2,49395; 49,2886; 
2,04116; 2,49461; 49,2765; 
2,03472; 2,49525; 49,2643; 
2,02829; 2,49588; 49,252; 
2,02188; 2,4965; 49,2397; 
2,01547; 2,49711; 49,2272; 
2,00907; 2,49771; 49,2147; 
2,00268; 2,49829; 49,2021; 
1,9963; 2,49886; 49,1894; 
1,98994; 2,49942; 49,1766; 
1,98358; 2,49997; 49,1638; 
1,97723; 2,5005; 49,1508; 
1,97089; 2,50102; 49,1378; 
1,96457; 2,50154; 49,1247; 
1,95825; 2,50204; 49,1116; 
1,95194; 2,50252; 49,0983; 
1,94565; 2,503; 49,085; 
1,93936; 2,50347; 49,0716; 
1,93308; 2,50392; 49,0582; 
1,92682; 2,50436; 49,0446; 
1,92056; 2,50479; 49,031; 
1,91432; 2,50521; 49,0173; 
1,90808; 2,50562; 49,0035; 
1,90185; 2,50601; 48,9897; 
1,89564; 2,5064; 48,9757; 
1,88943; 2,50677; 48,9617; 
1,88324; 2,50713; 48,9477; 
1,87705; 2,50748; 48,9335; 
1,87088; 2,50782; 48,9193; 
1,86472; 2,50815; 48,905; 
1,85856; 2,50846; 48,8906; 
1,85242; 2,50877; 48,8762; 
1,84628; 2,50906; 48,8617; 
1,84016; 2,50935; 48,8471; 
1,83405; 2,50962; 48,8325; 
1,82794; 2,50988; 48,8177; 
1,82185; 2,51013; 48,803; 
1,81577; 2,51037; 48,7881; 
1,80969; 2,5106; 48,7732; 
1,80363; 2,51082; 48,7582; 
1,79758; 2,51102; 48,7431; 
1,79154; 2,51122; 48,7279; 
1,7855; 2,5114; 48,7127; 
1,77948; 2,51158; 48,6975; 
1,77347; 2,51174; 48,6821; 
1,76747; 2,51189; 48,6667; 
1,76148; 2,51204; 48,6512; 
1,7555; 2,51217; 48,6356; 
1,74953; 2,51229; 48,62; 
1,74356; 2,5124; 48,6043; 
1,73761; 2,5125; 48,5886; 
1,73167; 2,51259; 48,5728; 
1,72574; 2,51267; 48,5569; 
1,71982; 2,51274; 48,5409; 
1,71391; 2,51279; 48,5249; 
1,70801; 2,51284; 48,5088; 
1,70212; 2,51288; 48,4927; 
1,69624; 2,51291; 48,4764; 
1,69037; 2,51292; 48,4602; 
1,68452; 2,51293; 48,4438; 
1,67867; 2,51293; 48,4274; 
1,67283; 2,51292; 48,4109; 
1,667; 2,51289; 48,3944; 
1,66118; 2,51286; 48,3778; 
1,65537; 2,51281; 48,3611; 
1,64957; 2,51276; 48,3444; 
1,64379; 2,5127; 48,3276; 
1,63801; 2,51262; 48,3107; 
1,63224; 2,51254; 48,2938; 
1,62648; 2,51245; 48,2768; 
1,62074; 2,51234; 48,2597; 
1,615; 2,51223; 48,2426; 
1,60927; 2,51211; 48,2255; 
1,60355; 2,51198; 48,2082; 
1,59785; 2,51183; 48,1909; 
1,59215; 2,51168; 48,1736; 
1,58647; 2,51152; 48,1561; 
1,58079; 2,51135; 48,1386; 
1,57512; 2,51117; 48,1211; 
1,56947; 2,51098; 48,1035; 
1,56382; 2,51078; 48,0858; 
1,55819; 2,51057; 48,0681; 
1,55256; 2,51035; 48,0503; 
1,54695; 2,51012; 48,0324; 
1,54134; 2,50988; 48,0145; 
1,53575; 2,50963; 47,9966; 
1,53016; 2,50938; 47,9785; 
1,52459; 2,50911; 47,9604; 
1,51902; 2,50883; 47,9423; 
1,51347; 2,50855; 47,9241; 
1,50793; 2,50826; 47,9058; 
1,50239; 2,50795; 47,8875; 
1,49687; 2,50764; 47,8691; 
1,49136; 2,50732; 47,8506; 
1,48585; 2,50699; 47,8321; 
1,48036; 2,50665; 47,8135; 
1,47488; 2,5063; 47,7949; 
1,4694; 2,50594; 47,7762; 
1,46394; 2,50557; 47,7575; 
1,45849; 2,5052; 47,7387; 
1,45305; 2,50481; 47,7198; 
1,44761; 2,50442; 47,7009; 
1,44219; 2,50401; 47,6819; 
1,43678; 2,5036; 47,6629; 
1,43138; 2,50318; 47,6438; 
1,42599; 2,50275; 47,6246; 
1,42061; 2,50231; 47,6054; 
1,41524; 2,50187; 47,5861; 
1,40988; 2,50141; 47,5668; 
1,40453; 2,50095; 47,5474; 
1,39919; 2,50047; 47,528; 
1,39385; 2,49999; 47,5085; 
1,38853; 2,4995; 47,489; 
1,38322; 2,499; 47,4693; 
1,37793; 2,49849; 47,4497; 
1,37264; 2,49798; 47,4299; 
1,36736; 2,49745; 47,4102; 
1,36209; 2,49692; 47,3903; 
1,35683; 2,49638; 47,3704; 
1,35158; 2,49583; 47,3505; 
1,34634; 2,49527; 47,3305; 
1,34111; 2,4947; 47,3104; 
1,33589; 2,49413; 47,2903; 
1,33069; 2,49354; 47,2701; 
1,32549; 2,49295; 47,2499; 
1,3203; 2,49235; 47,2296; 
1,31512; 2,49174; 47,2093; 
1,30995; 2,49113; 47,1889; 
1,3048; 2,4905; 47,1684; 
1,29965; 2,48987; 47,1479; 
1,29451; 2,48923; 47,1274; 
1,28939; 2,48858; 47,1067; 
1,28427; 2,48792; 47,0861; 
1,27916; 2,48725; 47,0653; 
1,27407; 2,48658; 47,0445; 
1,26898; 2,4859; 47,0237; 
1,26391; 2,48521; 47,0028; 
1,25884; 2,48451; 46,9819; 
1,25378; 2,48381; 46,9609; 
1,24874; 2,48309; 46,9398; 
1,2437; 2,48237; 46,9187; 
1,23868; 2,48164; 46,8975; 
1,23366; 2,4809; 46,8763; 
1,22866; 2,48016; 46,855; 
1,22366; 2,47941; 46,8337; 
1,21868; 2,47865; 46,8123; 
1,21371; 2,47788; 46,7908; 
1,20874; 2,4771; 46,7694; 
1,20379; 2,47632; 46,7478; 
1,19884; 2,47553; 46,7262; 
1,19391; 2,47473; 46,7045; 
1,18899; 2,47392; 46,6828; 
1,18407; 2,47311; 46,6611; 
1,17917; 2,47228; 46,6392; 
1,17428; 2,47146; 46,6174; 
1,1694; 2,47062; 46,5954; 
1,16452; 2,46977; 46,5734; 
1,15966; 2,46892; 46,5514; 
1,15481; 2,46806; 46,5293; 
1,14997; 2,4672; 46,5072; 
1,14513; 2,46632; 46,485; 
1,14031; 2,46544; 46,4627; 
1,1355; 2,46455; 46,4404; 
1,1307; 2,46366; 46,4181; 
1,12591; 2,46275; 46,3956; 
1,12113; 2,46184; 46,3732; 
1,11636; 2,46092; 46,3507; 
1,1116; 2,46; 46,3281; 
1,10685; 2,45907; 46,3055; 
1,10211; 2,45813; 46,2828; 
1,09738; 2,45718; 46,26; 
1,09266; 2,45623; 46,2372; 
1,08795; 2,45526; 46,2144; 
1,08325; 2,4543; 46,1915; 
1,07856; 2,45332; 46,1686; 
1,07388; 2,45234; 46,1456; 
1,06921; 2,45135; 46,1225; 
1,06455; 2,45035; 46,0994; 
1,0599; 2,44935; 46,0762; 
1,05526; 2,44834; 46,053; 
1,05063; 2,44732; 46,0297; 
1,04602; 2,4463; 46,0064; 
1,04141; 2,44527; 45,9831; 
1,03681; 2,44423; 45,9596; 
1,03222; 2,44318; 45,9361; 
1,02765; 2,44213; 45,9126; 
1,02308; 2,44107; 45,889; 
1,01852; 2,44001; 45,8654; 
1,01397; 2,43894; 45,8417; 
1,00944; 2,43786; 45,8179; 
1,00491; 2,43677; 45,7941; 
1,00039; 2,43568; 45,7703; 
0,995888; 2,43458; 45,7464; 
0,991392; 2,43348; 45,7224; 
0,986906; 2,43237; 45,6984; 
0,98243; 2,43125; 45,6743; 
0,977965; 2,43012; 45,6502; 
0,973509; 2,42899; 45,626; 
0,969064; 2,42785; 45,6018; 
0,964629; 2,42671; 45,5775; 
0,960204; 2,42556; 45,5532; 
0,955789; 2,4244; 45,5288; 
0,951385; 2,42324; 45,5044; 
0,94699; 2,42207; 45,4799; 
0,942606; 2,42089; 45,4553; 
0,938232; 2,41971; 45,4307; 
0,933868; 2,41852; 45,4061; 
0,929515; 2,41732; 45,3814; 
0,925171; 2,41612; 45,3566; 
0,920838; 2,41491; 45,3318; 
0,916515; 2,41369; 45,3069; 
0,912202; 2,41247; 45,282; 
0,907899; 2,41125; 45,2571; 
0,903606; 2,41001; 45,232; 
0,899324; 2,40877; 45,207; 
0,895051; 2,40753; 45,1818; 
0,890789; 2,40627; 45,1566; 
0,886537; 2,40502; 45,1314; 
0,882295; 2,40375; 45,1061; 
0,878064; 2,40248; 45,0808; 
0,873842; 2,40121; 45,0554; 
0,869631; 2,39992; 45,0299; 
0,86543; 2,39863; 45,0044; 
0,861239; 2,39734; 44,9788; 
0,857058; 2,39604; 44,9532; 
0,852888; 2,39473; 44,9276; 
0,848727; 2,39342; 44,9019; 
0,844577; 2,3921; 44,8761; 
0,840437; 2,39078; 44,8503; 
0,836307; 2,38945; 44,8244; 
0,832187; 2,38811; 44,7984; 
0,828078; 2,38677; 44,7725; 
0,823978; 2,38542; 44,7464; 
0,819889; 2,38407; 44,7203; 
0,81581; 2,38271; 44,6942; 
0,811741; 2,38135; 44,668; 
0,807682; 2,37997; 44,6417; 
0,803634; 2,3786; 44,6154; 
0,799595; 2,37722; 44,589; 
0,795567; 2,37583; 44,5626; 
0,791549; 2,37444; 44,5361; 
0,787541; 2,37304; 44,5096; 
0,783544; 2,37163; 44,483; 
0,779556; 2,37022; 44,4564; 
0,775579; 2,36881; 44,4297; 
0,771612; 2,36738; 44,403; 
0,767655; 2,36596; 44,3762; 
0,763708; 2,36452; 44,3493; 
0,759771; 2,36309; 44,3224; 
0,755845; 2,36164; 44,2955; 
0,751929; 2,36019; 44,2685; 
0,748022; 2,35874; 44,2414; 
0,744127; 2,35728; 44,2143; 
0,740241; 2,35581; 44,1871; 
0,736365; 2,35434; 44,1599; 
0,7325; 2,35287; 44,1326; 
0,728644; 2,35139; 44,1052; 
0,724799; 2,3499; 44,0779; 
0,720964; 2,34841; 44,0504; 
0,71714; 2,34691; 44,0229; 
0,713325; 2,34541; 43,9953; 
0,709521; 2,3439; 43,9677; 
0,705726; 2,34239; 43,9401; 
0,701942; 2,34087; 43,9123; 
0,698169; 2,33934; 43,8846; 
0,694405; 2,33782; 43,8567; 
0,690651; 2,33628; 43,8288; 
0,686908; 2,33474; 43,8009; 
0,683175; 2,3332; 43,7729; 
0,679452; 2,33165; 43,7448; 
0,675739; 2,3301; 43,7167; 
0,672036; 2,32854; 43,6886; 
0,668344; 2,32697; 43,6604; 
0,664661; 2,3254; 43,6321; 
0,660989; 2,32383; 43,6037; 
0,657327; 2,32225; 43,5754; 
0,653675; 2,32066; 43,5469; 
0,650034; 2,31907; 43,5184; 
0,646402; 2,31748; 43,4899; 
0,642781; 2,31588; 43,4613; 
0,63917; 2,31428; 43,4326; 
0,635569; 2,31267; 43,4039; 
0,631978; 2,31105; 43,3751; 
0,628398; 2,30943; 43,3463; 
0,624827; 2,30781; 43,3174; 
0,621267; 2,30618; 43,2884; 
0,617717; 2,30455; 43,2594; 
0,614177; 2,30291; 43,2304; 
0,610647; 2,30127; 43,2013; 
0,607127; 2,29962; 43,1721; 
0,603618; 2,29797; 43,1429; 
0,600119; 2,29631; 43,1136; 
0,59663; 2,29465; 43,0842; 
0,593151; 2,29298; 43,0548; 
0,589682; 2,29131; 43,0254; 
0,586224; 2,28964; 42,9959; 
0,582775; 2,28796; 42,9663; 
0,579337; 2,28627; 42,9367; 
0,575909; 2,28458; 42,907; 
0,572491; 2,28289; 42,8773; 
0,569083; 2,28119; 42,8475; 
0,565686; 2,27948; 42,8176; 
0,562299; 2,27778; 42,7877; 
0,558921; 2,27606; 42,7578; 
0,555554; 2,27435; 42,7277; 
0,552198; 2,27263; 42,6976; 
0,548851; 2,2709; 42,6675; 
0,545515; 2,26917; 42,6373; 
0,542188; 2,26744; 42,6071; 
0,538872; 2,2657; 42,5767; 
0,535566; 2,26395; 42,5464; 
0,53227; 2,26221; 42,5159; 
0,528985; 2,26045; 42,4854; 
0,525709; 2,2587; 42,4549; 
0,522444; 2,25694; 42,4243; 
0,519189; 2,25517; 42,3936; 
0,515944; 2,2534; 42,3629; 
0,512709; 2,25163; 42,3321; 
0,509485; 2,24985; 42,3013; 
0,50627; 2,24807; 42,2704; 
0,503066; 2,24628; 42,2394; 
0,499872; 2,24449; 42,2084; 
0,496688; 2,2427; 42,1774; 
0,493514; 2,2409; 42,1462; 
0,490351; 2,2391; 42,115; 
0,487197; 2,23729; 42,0838; 
0,484054; 2,23548; 42,0525; 
0,480921; 2,23366; 42,0211; 
0,477798; 2,23184; 41,9897; 
0,474686; 2,23002; 41,9582; 
0,471583; 2,22819; 41,9266; 
0,468491; 2,22636; 41,895; 
0,465409; 2,22452; 41,8634; 
0,462337; 2,22268; 41,8316; 
0,459275; 2,22084; 41,7998; 
0,456223; 2,21899; 41,768; 
0,453182; 2,21714; 41,7361; 
0,45015; 2,21528; 41,7041; 
0,447129; 2,21343; 41,6721; 
0,444118; 2,21156; 41,64; 
0,441117; 2,20969; 41,6078; 
0,438127; 2,20782; 41,5756; 
0,435146; 2,20595; 41,5434; 
0,432176; 2,20407; 41,511; 
0,429216; 2,20219; 41,4786; 
0,426266; 2,2003; 41,4462; 
0,423326; 2,19841; 41,4137; 
0,420397; 2,19651; 41,3811; 
0,417477; 2,19462; 41,3485; 
0,414568; 2,19271; 41,3158; 
0,411669; 2,19081; 41,283; 
0,40878; 2,1889; 41,2502; 
0,405901; 2,18699; 41,2173; 
0,403033; 2,18507; 41,1843; 
0,400174; 2,18315; 41,1513; 
0,397326; 2,18123; 41,1182; 
0,394488; 2,1793; 41,0851; 
0,39166; 2,17737; 41,0519; 
0,388843; 2,17543; 41,0187; 
0,386035; 2,17349; 40,9853; 
0,383238; 2,17155; 40,952; 
0,38045; 2,16961; 40,9185; 
0,377673; 2,16766; 40,885; 
0,374907; 2,1657; 40,8514; 
0,37215; 2,16375; 40,8178; 
0,369403; 2,16179; 40,7841; 
0,366667; 2,15982; 40,7503; 
0,363941; 2,15786; 40,7165; 
0,361225; 2,15589; 40,6826; 
0,358519; 2,15391; 40,6487; 
0,355824; 2,15194; 40,6146; 
0,353138; 2,14996; 40,5806; 
0,350463; 2,14797; 40,5464; 
0,347798; 2,14598; 40,5122; 
0,345143; 2,14399; 40,4779; 
0,342498; 2,142; 40,4436; 
0,339863; 2,14; 40,4092; 
0,337239; 2,138; 40,3747; 
0,334625; 2,136; 40,3402; 
0,332021; 2,13399; 40,3056; 
0,329427; 2,13198; 40,2709; 
0,326843; 2,12996; 40,2362; 
0,324269; 2,12795; 40,2014; 
0,321706; 2,12593; 40,1665; 
0,319153; 2,1239; 40,1316; 
0,31661; 2,12188; 40,0966; 
0,314077; 2,11984; 40,0616; 
0,311554; 2,11781; 40,0264; 
0,309042; 2,11577; 39,9913; 
0,306539; 2,11373; 39,956; 
0,304047; 2,11169; 39,9207; 
0,301565; 2,10965; 39,8853; 
0,299093; 2,1076; 39,8498; 
0,296632; 2,10554; 39,8143; 
0,29418; 2,10349; 39,7787; 
0,291739; 2,10143; 39,7431; 
0,289308; 2,09937; 39,7074; 
0,286887; 2,0973; 39,6716; 
0,284476; 2,09524; 39,6357; 
0,282075; 2,09317; 39,5998; 
0,279685; 2,09109; 39,5638; 
0,277305; 2,08902; 39,5278; 
0,274934; 2,08694; 39,4916; 
0,272574; 2,08485; 39,4554; 
0,270225; 2,08277; 39,4192; 
0,267885; 2,08068; 39,3828; 
0,265556; 2,07859; 39,3464; 
0,263236; 2,07649; 39,31; 
0,260927; 2,0744; 39,2734; 
0,258628; 2,0723; 39,2368; 
0,25634; 2,07019; 39,2002; 
0,254061; 2,06809; 39,1634; 
0,251793; 2,06598; 39,1266; 
0,249534; 2,06387; 39,0897; 
0,247286; 2,06175; 39,0528; 
0,245049; 2,05963; 39,0158; 
0,242821; 2,05751; 38,9787; 
0,240603; 2,05539; 38,9415; 
0,238396; 2,05327; 38,9043; 
0,236199; 2,05114; 38,867; 
0,234012; 2,04901; 38,8296; 
0,231835; 2,04687; 38,7922; 
0,229668; 2,04474; 38,7547; 
0,227512; 2,0426; 38,7171; 
0,225365; 2,04046; 38,6794; 
0,223229; 2,03831; 38,6417; 
0,221103; 2,03616; 38,6039; 
0,218987; 2,03401; 38,566; 
0,216882; 2,03186; 38,5281; 
0,214786; 2,02971; 38,4901; 
0,212701; 2,02755; 38,452; 
0,210626; 2,02539; 38,4138; 
0,208561; 2,02323; 38,3756; 
0,206506; 2,02106; 38,3373; 
0,204462; 2,01889; 38,2989; 
0,202427; 2,01672; 38,2605; 
0,200403; 2,01455; 38,222; 
0,198389; 2,01237; 38,1834; 
0,196385; 2,0102; 38,1447; 
0,194391; 2,00801; 38,106; 
0,192408; 2,00583; 38,0672; 
0,190434; 2,00365; 38,0283; 
0,188471; 2,00146; 37,9893; 
0,186518; 1,99927; 37,9503; 
0,184575; 1,99708; 37,9112; 
0,182642; 1,99488; 37,872; 
0,18072; 1,99268; 37,8327; 
0,178807; 1,99048; 37,7934; 
0,176905; 1,98828; 37,754; 
0,175013; 1,98608; 37,7145; 
0,173131; 1,98387; 37,675; 
0,17126; 1,98166; 37,6353; 
0,169398; 1,97945; 37,5956; 
0,167547; 1,97723; 37,5559; 
0,165706; 1,97502; 37,516; 
0,163875; 1,9728; 37,4761; 
0,162054; 1,97058; 37,4361; 
0,160243; 1,96835; 37,396; 
0,158443; 1,96613; 37,3558; 
0,156652; 1,9639; 37,3156; 
0,154872; 1,96167; 37,2752; 
0,153102; 1,95944; 37,2349; 
0,151342; 1,95721; 37,1944; 
0,149593; 1,95497; 37,1538; 
0,147853; 1,95273; 37,1132; 
0,146124; 1,95049; 37,0725; 
0,144405; 1,94825; 37,0317; 
0,142696; 1,946; 36,9909; 
0,140997; 1,94375; 36,9499; 
0,139309; 1,94151; 36,9089; 
0,13763; 1,93925; 36,8678; 
0,135962; 1,937; 36,8266; 
0,134304; 1,93475; 36,7854; 
0,132656; 1,93249; 36,744; 
0,131018; 1,93023; 36,7026; 
0,129391; 1,92797; 36,6611; 
0,127774; 1,9257; 36,6196; 
0,126166; 1,92344; 36,5779; 
0,124569; 1,92117; 36,5362; 
0,122982; 1,9189; 36,4944; 
0,121406; 1,91663; 36,4525; 
0,119839; 1,91435; 36,4105; 
0,118283; 1,91208; 36,3685; 
0,116737; 1,9098; 36,3263; 
0,115201; 1,90752; 36,2841; 
0,113675; 1,90524; 36,2418; 
0,112159; 1,90296; 36,1994; 
0,110654; 1,90067; 36,157; 
0,109158; 1,89839; 36,1144; 
0,107673; 1,8961; 36,0718; 
0,106198; 1,89381; 36,0291; 
0,104734; 1,89151; 35,9863; 
0,103279; 1,88922; 35,9434; 
0,101834; 1,88692; 35,9005; 
0,1004; 1,88462; 35,8574; 
0,0989761; 1,88232; 35,8143; 
0,0975622; 1,88002; 35,7711; 
0,0961584; 1,87772; 35,7278; 
0,0947648; 1,87541; 35,6844; 
0,0933814; 1,87311; 35,641; 
0,0920082; 1,8708; 35,5974; 
0,0906451; 1,86849; 35,5538; 
0,0892922; 1,86618; 35,5101; 
0,0879495; 1,86386; 35,4663; 
0,0866169; 1,86155; 35,4224; 
0,0852946; 1,85923; 35,3784; 
0,0839823; 1,85691; 35,3344; 
0,0826803; 1,85459; 35,2902; 
0,0813884; 1,85227; 35,246; 
0,0801068; 1,84994; 35,2017; 
0,0788352; 1,84762; 35,1573; 
0,0775739; 1,84529; 35,1128; 
0,0763227; 1,84296; 35,0682; 
0,0750817; 1,84063; 35,0235; 
0,0738509; 1,8383; 34,9788; 
0,0726302; 1,83597; 34,934; 
0,0714197; 1,83363; 34,889; 
0,0702194; 1,8313; 34,844; 
0,0690293; 1,82896; 34,7989; 
0,0678493; 1,82662; 34,7537; 
0,0666795; 1,82428; 34,7084; 
0,0655199; 1,82193; 34,6631; 
0,0643704; 1,81959; 34,6176; 
0,0632311; 1,81725; 34,5721; 
0,062102; 1,8149; 34,5264; 
0,0609831; 1,81255; 34,4807; 
0,0598743; 1,8102; 34,4349; 
0,0587757; 1,80785; 34,389; 
0,0576873; 1,8055; 34,343; 
0,0566091; 1,80314; 34,2969; 
0,055541; 1,80079; 34,2507; 
0,0544831; 1,79843; 34,2044; 
0,0534353; 1,79607; 34,1581; 
0,0523978; 1,79371; 34,1116; 
0,0513704; 1,79135; 34,0651; 
0,0503532; 1,78899; 34,0184; 
0,0493461; 1,78662; 33,9717; 
0,0483493; 1,78426; 33,9249; 
0,0473626; 1,78189; 33,8779; 
0,046386; 1,77952; 33,8309; 
0,0454197; 1,77715; 33,7838; 
0,0444635; 1,77478; 33,7366; 
0,0435175; 1,77241; 33,6893; 
0,0425817; 1,77004; 33,6419; 
0,041656; 1,76767; 33,5944; 
0,0407405; 1,76529; 33,5469; 
0,0398352; 1,76291; 33,4992; 
0,03894; 1,76054; 33,4514; 
0,0380551; 1,75816; 33,4036; 
0,0371803; 1,75578; 33,3556; 
0,0363156; 1,75339; 33,3075; 
0,0354612; 1,75101; 33,2594; 
0,0346169; 1,74863; 33,2111; 
0,0337828; 1,74624; 33,1628; 
0,0329588; 1,74386; 33,1144; 
0,032145; 1,74147; 33,0658; 
0,0313414; 1,73908; 33,0172; 
0,030548; 1,73669; 32,9684; 
0,0297648; 1,7343; 32,9196; 
0,0289917; 1,73191; 32,8707; 
0,0282288; 1,72952; 32,8216; 
0,027476; 1,72712; 32,7725; 
0,0267335; 1,72473; 32,7233; 
0,0260011; 1,72233; 32,674; 
0,0252788; 1,71994; 32,6245; 
0,0245668; 1,71754; 32,575; 
0,0238649; 1,71514; 32,5254; 
0,0231732; 1,71274; 32,4756; 
0,0224917; 1,71034; 32,4258; 
0,0218203; 1,70794; 32,3759; 
0,0211591; 1,70553; 32,3258; 
0,0205081; 1,70313; 32,2757; 
0,0198673; 1,70072; 32,2255; 
0,0192366; 1,69832; 32,1751; 
0,0186161; 1,69591; 32,1247; 
0,0180058; 1,6935; 32,0742; 
0,0174056; 1,69109; 32,0235; 
0,0168156; 1,68869; 31,9728; 
0,0162358; 1,68627; 31,9219; 
0,0156662; 1,68386; 31,8709; 
0,0151067; 1,68145; 31,8199; 
0,0145574; 1,67904; 31,7687; 
0,0140183; 1,67662; 31,7175; 
0,0134894; 1,67421; 31,6661; 
0,0129706; 1,67179; 31,6146; 
0,012462; 1,66938; 31,563; 
0,0119635; 1,66696; 31,5113; 
0,0114753; 1,66454; 31,4595; 
0,0109972; 1,66212; 31,4076; 
0,0105293; 1,6597; 31,3556; 
0,0100715; 1,65728; 31,3035; 
0,00962396; 1,65486; 31,2513; 
0,00918656; 1,65244; 31,1989; 
0,00875933; 1,65002; 31,1465; 
0,00834228; 1,64759; 31,0939; 
0,0079354; 1,64517; 31,0413; 
0,00753869; 1,64274; 30,9885; 
0,00715215; 1,64032; 30,9356; 
0,00677578; 1,63789; 30,8826; 
0,00640959; 1,63546; 30,8295; 
0,00605356; 1,63304; 30,7763; 
0,00570771; 1,63061; 30,723; 
0,00537204; 1,62818; 30,6696; 
0,00504653; 1,62575; 30,616; 
0,0047312; 1,62332; 30,5624; 
0,00442604; 1,62089; 30,5086; 
0,00413105; 1,61846; 30,4548; 
0,00384623; 1,61602; 30,4008; 
0,00357159; 1,61359; 30,3467; 
0,00330711; 1,61116; 30,2925; 
0,00305281; 1,60872; 30,2381; 
0,00280868; 1,60629; 30,1837; 
0,00257473; 1,60385; 30,1291; 
0,00235095; 1,60142; 30,0745; 
0,00213733; 1,59898; 30,0197; 
0,00193389; 1,59655; 29,9648; 
0,00174063; 1,59411; 29,9098; 
0,00155753; 1,59167; 29,8546; 
0,00138461; 1,58923; 29,7994; 
0,00122186; 1,58679; 29,744; 
0,00106928; 1,58435; 29,6886; 
0,000926876; 1,58191; 29,633; 
0,000794643; 1,57947; 29,5772; 
0,000672581; 1,57703; 29,5214; 
0,000560692; 1,57459; 29,4655; 
0,000458975; 1,57215; 29,4094; 
0,000367431; 1,56971; 29,3532; 
0,000286058; 1,56727; 29,2969; 
0,000214858; 1,56482; 29,2405; 
0,000153831; 1,56238; 29,1839; 
0,000102977; 1,55994; 29,1273; 
6,22961e-05; 1,55749; 29,0705; 
3,17935e-05; 1,55505; 29,0136; 
1,149e-05; 1,5526; 28,9566; 
1,99647e-06; 1,55016; 28,8994; 
-1,1901e-06; 1,54771; 28,8422; 
-1,1901e-06; 1,54528; 28,7852; 
-1,1901e-06; 1,54285; 28,7285; 
-1,1901e-06; 1,54044; 28,6721; 
-1,1901e-06; 1,53803; 28,6159; 
-1,1901e-06; 1,53563; 28,5601; 
-1,1901e-06; 1,53324; 28,5045; 
-1,1901e-06; 1,53087; 28,4491; 
-1,1901e-06; 1,5285; 28,3941; 
-1,1901e-06; 1,52614; 28,3393; 
-1,1901e-06; 1,52379; 28,2848; 
-1,1901e-06; 1,52145; 28,2305; 
-1,1901e-06; 1,51912; 28,1766; 
-1,1901e-06; 1,5168; 28,1229; 
-1,1901e-06; 1,51449; 28,0695; 
-1,1901e-06; 1,51219; 28,0163; 
-1,1901e-06; 1,5099; 27,9635; 
-1,1901e-06; 1,50761; 27,9109; 
-1,1901e-06; 1,50534; 27,8585; 
-1,1901e-06; 1,50307; 27,8064; 
-1,1901e-06; 1,50082; 27,7546; 
-1,1901e-06; 1,49857; 27,7031; 
-1,1901e-06; 1,49634; 27,6518; 
-1,1901e-06; 1,49411; 27,6008; 
-1,1901e-06; 1,49189; 27,5501; 
-1,1901e-06; 1,48968; 27,4996; 
-1,1901e-06; 1,48748; 27,4494; 
-1,1901e-06; 1,48529; 27,3995; 
-1,1901e-06; 1,4831; 27,3498; 
-1,1901e-06; 1,48093; 27,3003; 
-1,1901e-06; 1,47877; 27,2512; 
-1,1901e-06; 1,47661; 27,2023; 
-1,1901e-06; 1,47446; 27,1536; 
-1,1901e-06; 1,47232; 27,1052; 
-1,1901e-06; 1,47019; 27,0571; 
-1,1901e-06; 1,46807; 27,0092; 
-1,1901e-06; 1,46596; 26,9616; 
-1,1901e-06; 1,46386; 26,9143; 
-1,1901e-06; 1,46176; 26,8671; 
-1,1901e-06; 1,45968; 26,8203; 
-1,1901e-06; 1,4576; 26,7737; 
-1,1901e-06; 1,45553; 26,7274; 
-1,1901e-06; 1,45347; 26,6813; 
-1,1901e-06; 1,45142; 26,6354; 
-1,1901e-06; 1,44938; 26,5898; 
-1,1901e-06; 1,44734; 26,5445; 
-1,1901e-06; 1,44532; 26,4994; 
-1,1901e-06; 1,4433; 26,4545; 
-1,1901e-06; 1,44129; 26,41; 
-1,1901e-06; 1,43929; 26,3656; 
-1,1901e-06; 1,43729; 26,3215; 
-1,1901e-06; 1,43531; 26,2776; 
-1,1901e-06; 1,43333; 26,234; 
-1,1901e-06; 1,43136; 26,1906; 
-1,1901e-06; 1,4294; 26,1475; 
-1,1901e-06; 1,42745; 26,1046; 
-1,1901e-06; 1,42551; 26,062; 
-1,1901e-06; 1,42357; 26,0196; 
-1,1901e-06; 1,42165; 25,9774; 
-1,1901e-06; 1,41973; 25,9355; 
-1,1901e-06; 1,41782; 25,8938; 
-1,1901e-06; 1,41591; 25,8524; 
-1,1901e-06; 1,41402; 25,8111; 
-1,1901e-06; 1,41213; 25,7702; 
-1,1901e-06; 1,41025; 25,7294; 
-1,1901e-06; 1,40838; 25,6889; 
-1,1901e-06; 1,40652; 25,6486; 
-1,1901e-06; 1,40466; 25,6086; 
-1,1901e-06; 1,40281; 25,5688; 
-1,1901e-06; 1,40097; 25,5292; 
-1,1901e-06; 1,39914; 25,4898; 
-1,1901e-06; 1,39732; 25,4507; 
-1,1901e-06; 1,3955; 25,4118; 
-1,1901e-06; 1,39369; 25,3732; 
-1,1901e-06; 1,39189; 25,3347; 
-1,1901e-06; 1,39009; 25,2965; 
-1,1901e-06; 1,38831; 25,2585; 
-1,1901e-06; 1,38653; 25,2207; 
-1,1901e-06; 1,38476; 25,1832; 
-1,1901e-06; 1,38299; 25,1459; 
-1,1901e-06; 1,38124; 25,1088; 
-1,1901e-06; 1,37949; 25,0719; 
-1,1901e-06; 1,37775; 25,0353; 
-1,1901e-06; 1,37601; 24,9988; 
-1,1901e-06; 1,37429; 24,9626; 
-1,1901e-06; 1,37257; 24,9266; 
-1,1901e-06; 1,37085; 24,8908; 
-1,1901e-06; 1,36915; 24,8552; 
-1,1901e-06; 1,36745; 24,8199; 
-1,1901e-06; 1,36576; 24,7847; 
-1,1901e-06; 1,36408; 24,7498; 
-1,1901e-06; 1,3624; 24,7151; 
-1,1901e-06; 1,36074; 24,6806; 
-1,1901e-06; 1,35907; 24,6463; 
-1,1901e-06; 1,35742; 24,6122; 
-1,1901e-06; 1,35577; 24,5784; 
-1,1901e-06; 1,35413; 24,5447; 
-1,1901e-06; 1,3525; 24,5112; 
-1,1901e-06; 1,35087; 24,478; 
-1,1901e-06; 1,34925; 24,4449; 
-1,1901e-06; 1,34764; 24,4121; 
-1,1901e-06; 1,34604; 24,3795; 
-1,1901e-06; 1,34444; 24,347; 
-1,1901e-06; 1,34285; 24,3148; 
-1,1901e-06; 1,34126; 24,2828; 
-1,1901e-06; 1,33968; 24,2509; 
-1,1901e-06; 1,33811; 24,2193; 
-1,1901e-06; 1,33655; 24,1879; 
-1,1901e-06; 1,33499; 24,1566; 
-1,1901e-06; 1,33344; 24,1256; 
-1,1901e-06; 1,3319; 24,0947; 
-1,1901e-06; 1,33036; 24,0641; 
-1,1901e-06; 1,32883; 24,0336; 
-1,1901e-06; 1,3273; 24,0034; 
-1,1901e-06; 1,32579; 23,9733; 
-1,1901e-06; 1,32427; 23,9434; 
-1,1901e-06; 1,32277; 23,9138; 
-1,1901e-06; 1,32127; 23,8843; 
-1,1901e-06; 1,31978; 23,855; 
-1,1901e-06; 1,3183; 23,8259; 
-1,1901e-06; 1,31682; 23,7969; 
-1,1901e-06; 1,31535; 23,7682; 
-1,1901e-06; 1,31388; 23,7396; 
-1,1901e-06; 1,31242; 23,7113; 
-1,1901e-06; 1,31097; 23,6831; 
-1,1901e-06; 1,30952; 23,6551; 
-1,1901e-06; 1,30808; 23,6273; 
-1,1901e-06; 1,30665; 23,5996; 
-1,1901e-06; 1,30522; 23,5722; 
-1,1901e-06; 1,3038; 23,5449; 
-1,1901e-06; 1,30238; 23,5178; 
-1,1901e-06; 1,30097; 23,4909; 
-1,1901e-06; 1,29957; 23,4641; 
-1,1901e-06; 1,29817; 23,4375; 
-1,1901e-06; 1,29678; 23,4112; 
-1,1901e-06; 1,2954; 23,3849; 
-1,1901e-06; 1,29402; 23,3589; 
-1,1901e-06; 1,29265; 23,333; 
-1,1901e-06; 1,29128; 23,3073; 
-1,1901e-06; 1,28992; 23,2818; 
-1,1901e-06; 1,28857; 23,2564; 
-1,1901e-06; 1,28722; 23,2312; 
-1,1901e-06; 1,28587; 23,2062; 
-1,1901e-06; 1,28454; 23,1814; 
-1,1901e-06; 1,28321; 23,1567; 
-1,1901e-06; 1,28188; 23,1322; 
-1,1901e-06; 1,28056; 23,1078; 
-1,1901e-06; 1,27925; 23,0836; 
-1,1901e-06; 1,27794; 23,0596; 
-1,1901e-06; 1,27664; 23,0358; 
-1,1901e-06; 1,27534; 23,0121; 
-1,1901e-06; 1,27405; 22,9885; 
-1,1901e-06; 1,27277; 22,9651; 
-1,1901e-06; 1,27149; 22,9419; 
-1,1901e-06; 1,27022; 22,9189; 
-1,1901e-06; 1,26895; 22,896; 
-1,1901e-06; 1,26769; 22,8732; 
-1,1901e-06; 1,26643; 22,8506; 
-1,1901e-06; 1,26518; 22,8282; 
-1,1901e-06; 1,26394; 22,8059; 
-1,1901e-06; 1,2627; 22,7838; 
-1,1901e-06; 1,26146; 22,7618; 
-1,1901e-06; 1,26023; 22,74; 
-1,1901e-06; 1,25901; 22,7184; 
-1,1901e-06; 1,25779; 22,6968; 
-1,1901e-06; 1,25658; 22,6755; 
-1,1901e-06; 1,25537; 22,6543; 
-1,1901e-06; 1,25417; 22,6332; 
-1,1901e-06; 1,25297; 22,6123; 
-1,1901e-06; 1,25178; 22,5915; 
-1,1901e-06; 1,2506; 22,5709; 
-1,1901e-06; 1,24942; 22,5504; 
-1,1901e-06; 1,24824; 22,53; 
-1,1901e-06; 1,24707; 22,5098; 
-1,1901e-06; 1,24591; 22,4898; 
-1,1901e-06; 1,24475; 22,4699; 
-1,1901e-06; 1,24359; 22,4501; 
-1,1901e-06; 1,24245; 22,4305; 
-1,1901e-06; 1,2413; 22,411; 
-1,1901e-06; 1,24016; 22,3916; 
-1,1901e-06; 1,23903; 22,3724; 
-1,1901e-06; 1,2379; 22,3533; 
-1,1901e-06; 1,23678; 22,3344; 
-1,1901e-06; 1,23566; 22,3156; 
-1,1901e-06; 1,23454; 22,2969; 
-1,1901e-06; 1,23344; 22,2784; 
-1,1901e-06; 1,23233; 22,26; 
-1,1901e-06; 1,23123; 22,2417; 
-1,1901e-06; 1,23014; 22,2235; 
-1,1901e-06; 1,22905; 22,2055; 
-1,1901e-06; 1,22797; 22,1877; 
-1,1901e-06; 1,22689; 22,1699; 
-1,1901e-06; 1,22582; 22,1523; 
-1,1901e-06; 1,22475; 22,1348; 
-1,1901e-06; 1,22368; 22,1174; 
-1,1901e-06; 1,22262; 22,1002; 
-1,1901e-06; 1,22157; 22,0831; 
-1,1901e-06; 1,22052; 22,0661; 
-1,1901e-06; 1,21947; 22,0492; 
-1,1901e-06; 1,21843; 22,0325; 
-1,1901e-06; 1,2174; 22,0158; 
-1,1901e-06; 1,21636; 21,9993; 
-1,1901e-06; 1,21534; 21,983; 
-1,1901e-06; 1,21432; 21,9667; 
-1,1901e-06; 1,2133; 21,9506; 
-1,1901e-06; 1,21229; 21,9346; 
-1,1901e-06; 1,21128; 21,9187; 
-1,1901e-06; 1,21027; 21,9029; 
-1,1901e-06; 1,20928; 21,8872; 
-1,1901e-06; 1,20828; 21,8717; 
-1,1901e-06; 1,20729; 21,8562; 
-1,1901e-06; 1,20631; 21,8409; 
-1,1901e-06; 1,20532; 21,8257; 
-1,1901e-06; 1,20435; 21,8106; 
-1,1901e-06; 1,20338; 21,7956; 
-1,1901e-06; 1,20241; 21,7808; 
-1,1901e-06; 1,20145; 21,766; 
-1,1901e-06; 1,20049; 21,7514; 
-1,1901e-06; 1,19953; 21,7368; 
-1,1901e-06; 1,19858; 21,7224; 
-1,1901e-06; 1,19764; 21,7081; 
-1,1901e-06; 1,19669; 21,6939; 
-1,1901e-06; 1,19576; 21,6798; 
-1,1901e-06; 1,19482; 21,6658; 
-1,1901e-06; 1,1939; 21,6519; 
-1,1901e-06; 1,19297; 21,6381; 
-1,1901e-06; 1,19205; 21,6244; 
-1,1901e-06; 1,19113; 21,6109; 
-1,1901e-06; 1,19022; 21,5974; 
-1,1901e-06; 1,18932; 21,584; 
-1,1901e-06; 1,18841; 21,5708; 
-1,1901e-06; 1,18751; 21,5576; 
-1,1901e-06; 1,18662; 21,5445; 
-1,1901e-06; 1,18573; 21,5316; 
-1,1901e-06; 1,18484; 21,5187; 
-1,1901e-06; 1,18396; 21,5059; 
-1,1901e-06; 1,18308; 21,4933; 
-1,1901e-06; 1,1822; 21,4807; 
-1,1901e-06; 1,18133; 21,4682; 
-1,1901e-06; 1,18046; 21,4558; 
-1,1901e-06; 1,1796; 21,4435; 
-1,1901e-06; 1,17874; 21,4314; 
-1,1901e-06; 1,17789; 21,4193; 
-1,1901e-06; 1,17704; 21,4073; 
-1,1901e-06; 1,17619; 21,3953; 
-1,1901e-06; 1,17535; 21,3835; 
-1,1901e-06; 1,17451; 21,3718; 
-1,1901e-06; 1,17367; 21,3602; 
-1,1901e-06; 1,17284; 21,3486; 
-1,1901e-06; 1,17201; 21,3372; 
-1,1901e-06; 1,17119; 21,3258; 
-1,1901e-06; 1,17037; 21,3145; 
-1,1901e-06; 1,16955; 21,3033; 
-1,1901e-06; 1,16874; 21,2922; 
-1,1901e-06; 1,16793; 21,2812; 
-1,1901e-06; 1,16712; 21,2703; 
-1,1901e-06; 1,16632; 21,2595; 
-1,1901e-06; 1,16552; 21,2487; 
-1,1901e-06; 1,16473; 21,238; 
-1,1901e-06; 1,16394; 21,2274; 
-1,1901e-06; 1,16315; 21,2169; 
-1,1901e-06; 1,16237; 21,2065; 
-1,1901e-06; 1,16159; 21,1962; 
-1,1901e-06; 1,16082; 21,1859; 
-1,1901e-06; 1,16004; 21,1757; 
-1,1901e-06; 1,15927; 21,1657; 
-1,1901e-06; 1,15851; 21,1556; 
-1,1901e-06; 1,15775; 21,1457; 
-1,1901e-06; 1,15699; 21,1358; 
-1,1901e-06; 1,15623; 21,1261; 
-1,1901e-06; 1,15548; 21,1164; 
-1,1901e-06; 1,15474; 21,1067; 
-1,1901e-06; 1,15399; 21,0972; 
-1,1901e-06; 1,15325; 21,0877; 
-1,1901e-06; 1,15251; 21,0783; 
-1,1901e-06; 1,15178; 21,069; 
-1,1901e-06; 1,15105; 21,0598; 
-1,1901e-06; 1,15032; 21,0506; 
-1,1901e-06; 1,1496; 21,0415; 
-1,1901e-06; 1,14888; 21,0325; 
-1,1901e-06; 1,14816; 21,0235; 
-1,1901e-06; 1,14745; 21,0147; 
-1,1901e-06; 1,14674; 21,0058; 
-1,1901e-06; 1,14603; 20,9971; 
-1,1901e-06; 1,14533; 20,9884; 
-1,1901e-06; 1,14463; 20,9798; 
-1,1901e-06; 1,14393; 20,9713; 
-1,1901e-06; 1,14324; 20,9629; 
-1,1901e-06; 1,14255; 20,9545; 
-1,1901e-06; 1,14186; 20,9462; 
-1,1901e-06; 1,14117; 20,9379; 
-1,1901e-06; 1,14049; 20,9297; 
-1,1901e-06; 1,13982; 20,9216; 
-1,1901e-06; 1,13914; 20,9135; 
-1,1901e-06; 1,13847; 20,9056; 
-1,1901e-06; 1,1378; 20,8976; 
-1,1901e-06; 1,13714; 20,8898; 
-1,1901e-06; 1,13647; 20,882; 
-1,1901e-06; 1,13581; 20,8743; 
-1,1901e-06; 1,13516; 20,8666; 
-1,1901e-06; 1,13451; 20,859; 
-1,1901e-06; 1,13386; 20,8515; 
-1,1901e-06; 1,13321; 20,844; 
-1,1901e-06; 1,13257; 20,8366; 
-1,1901e-06; 1,13193; 20,8292; 
-1,1901e-06; 1,13129; 20,8219; 
-1,1901e-06; 1,13065; 20,8147; 
-1,1901e-06; 1,13002; 20,8075; 
-1,1901e-06; 1,12939; 20,8004; 
-1,1901e-06; 1,12877; 20,7933; 
-1,1901e-06; 1,12814; 20,7863; 
-1,1901e-06; 1,12752; 20,7794; 
-1,1901e-06; 1,12691; 20,7725; 
-1,1901e-06; 1,12629; 20,7657; 
-1,1901e-06; 1,12568; 20,7589; 
-1,1901e-06; 1,12507; 20,7522; 
-1,1901e-06; 1,12447; 20,7455; 
-1,1901e-06; 1,12386; 20,7389; 
-1,1901e-06; 1,12326; 20,7324; 
-1,1901e-06; 1,12267; 20,7259; 
-1,1901e-06; 1,12207; 20,7194; 
-1,1901e-06; 1,12148; 20,7131; 
-1,1901e-06; 1,12089; 20,7067; 
-1,1901e-06; 1,12031; 20,7005; 
-1,1901e-06; 1,11972; 20,6942; 
-1,1901e-06; 1,11914; 20,6881; 
-1,1901e-06; 1,11857; 20,6819; 
-1,1901e-06; 1,11799; 20,6759; 
-1,1901e-06; 1,11742; 20,6698; 
-1,1901e-06; 1,11685; 20,6639; 
-1,1901e-06; 1,11628; 20,658; 
-1,1901e-06; 1,11572; 20,6521; 
-1,1901e-06; 1,11516; 20,6463; 
-1,1901e-06; 1,1146; 20,6405; 
-1,1901e-06; 1,11404; 20,6348; 
-1,1901e-06; 1,11349; 20,6291; 
-1,1901e-06; 1,11294; 20,6235; 
-1,1901e-06; 1,11239; 20,6179; 
-1,1901e-06; 1,11184; 20,6124; 
-1,1901e-06; 1,1113; 20,6069; 
-1,1901e-06; 1,11076; 20,6014; 
-1,1901e-06; 1,11022; 20,596; 
-1,1901e-06; 1,10969; 20,5907; 
-1,1901e-06; 1,10915; 20,5854; 
-1,1901e-06; 1,10862; 20,5801; 
-1,1901e-06; 1,1081; 20,5749; 
-1,1901e-06; 1,10757; 20,5698; 
-1,1901e-06; 1,10705; 20,5646; 
-1,1901e-06; 1,10653; 20,5596; 
-1,1901e-06; 1,10601; 20,5545; 
-1,1901e-06; 1,10549; 20,5495; 
-1,1901e-06; 1,10498; 20,5446; 
-1,1901e-06; 1,10447; 20,5397; 
-1,1901e-06; 1,10396; 20,5348; 
-1,1901e-06; 1,10346; 20,53; 
-1,1901e-06; 1,10295; 20,5252; 
-1,1901e-06; 1,10245; 20,5205; 
-1,1901e-06; 1,10195; 20,5158; 
-1,1901e-06; 1,10146; 20,5111; 
-1,1901e-06; 1,10096; 20,5065; 
-1,1901e-06; 1,10047; 20,5019; 
-1,1901e-06; 1,09998; 20,4974; 
-1,1901e-06; 1,0995; 20,4929; 
-1,1901e-06; 1,09901; 20,4884; 
-1,1901e-06; 1,09853; 20,484; 
-1,1901e-06; 1,09805; 20,4796; 
-1,1901e-06; 1,09757; 20,4752; 
-1,1901e-06; 1,0971; 20,4709; 
-1,1901e-06; 1,09662; 20,4667; 
-1,1901e-06; 1,09615; 20,4624; 
-1,1901e-06; 1,09568; 20,4582; 
-1,1901e-06; 1,09522; 20,4541; 
-1,1901e-06; 1,09475; 20,4499; 
-1,1901e-06; 1,09429; 20,4458; 
-1,1901e-06; 1,09383; 20,4418; 
-1,1901e-06; 1,09337; 20,4378; 
-1,1901e-06; 1,09292; 20,4338; 
-1,1901e-06; 1,09247; 20,4298; 
-1,1901e-06; 1,09202; 20,4259; 
-1,1901e-06; 1,09157; 20,422; 
-1,1901e-06; 1,09112; 20,4182; 
-1,1901e-06; 1,09068; 20,4144; 
-1,1901e-06; 1,09023; 20,4106; 
-1,1901e-06; 1,08979; 20,4068; 
-1,1901e-06; 1,08935; 20,4031; 
-1,1901e-06; 1,08892; 20,3994; 
-1,1901e-06; 1,08848; 20,3958; 
-1,1901e-06; 1,08805; 20,3921; 
-1,1901e-06; 1,08762; 20,3886; 
-1,1901e-06; 1,08719; 20,385; 
-1,1901e-06; 1,08677; 20,3815; 
-1,1901e-06; 1,08634; 20,378; 
-1,1901e-06; 1,08592; 20,3745; 
-1,1901e-06; 1,0855; 20,3711; 
-1,1901e-06; 1,08509; 20,3677; 
-1,1901e-06; 1,08467; 20,3643; 
-1,1901e-06; 1,08426; 20,361; 
-1,1901e-06; 1,08384; 20,3576; 
-1,1901e-06; 1,08343; 20,3544; 
-1,1901e-06; 1,08303; 20,3511; 
-1,1901e-06; 1,08262; 20,3479; 
-1,1901e-06; 1,08222; 20,3447; 
-1,1901e-06; 1,08181; 20,3415; 
-1,1901e-06; 1,08141; 20,3384; 
-1,1901e-06; 1,08102; 20,3353; 
-1,1901e-06; 1,08062; 20,3322; 
-1,1901e-06; 1,08023; 20,3291; 
-1,1901e-06; 1,07983; 20,3261; 
-1,1901e-06; 1,07944; 20,3231; 
-1,1901e-06; 1,07905; 20,3201; 
-1,1901e-06; 1,07867; 20,3171; 
-1,1901e-06; 1,07828; 20,3142; 
-1,1901e-06; 1,0779; 20,3113; 
-1,1901e-06; 1,07752; 20,3084; 
-1,1901e-06; 1,07714; 20,3056; 
-1,1901e-06; 1,07676; 20,3028; 
-1,1901e-06; 1,07639; 20,3; 
-1,1901e-06; 1,07601; 20,2972; 
-1,1901e-06; 1,07564; 20,2944; 
-1,1901e-06; 1,07527; 20,2917; 
-1,1901e-06; 1,0749; 20,289; 
-1,1901e-06; 1,07453; 20,2863; 
-1,1901e-06; 1,07417; 20,2837; 
-1,1901e-06; 1,0738; 20,281; 
-1,1901e-06; 1,07344; 20,2784; 
-1,1901e-06; 1,07308; 20,2759; 
-1,1901e-06; 1,07273; 20,2733; 
-1,1901e-06; 1,07237; 20,2708; 
-1,1901e-06; 1,07201; 20,2683; 
-1,1901e-06; 1,07166; 20,2658; 
-1,1901e-06; 1,07131; 20,2633; 
-1,1901e-06; 1,07096; 20,2608; 
-1,1901e-06; 1,07061; 20,2584; 
-1,1901e-06; 1,07027; 20,256; 
-1,1901e-06; 1,06992; 20,2536; 
-1,1901e-06; 1,06958; 20,2513; 
-1,1901e-06; 1,06924; 20,2489; 
-1,1901e-06; 1,0689; 20,2466; 
-1,1901e-06; 1,06856; 20,2443; 
-1,1901e-06; 1,06822; 20,242; 
-1,1901e-06; 1,06789; 20,2398; 
-1,1901e-06; 1,06756; 20,2376; 
-1,1901e-06; 1,06722; 20,2353; 
-1,1901e-06; 1,0669; 20,2331; 
-1,1901e-06; 1,06657; 20,231; 
-1,1901e-06; 1,06624; 20,2288; 
-1,1901e-06; 1,06592; 20,2267; 
-1,1901e-06; 1,06559; 20,2246; 
-1,1901e-06; 1,06527; 20,2225; 
-1,1901e-06; 1,06495; 20,2204; 
-1,1901e-06; 1,06463; 20,2183; 
-1,1901e-06; 1,06431; 20,2163; 
-1,1901e-06; 1,064; 20,2143; 
-1,1901e-06; 1,06368; 20,2123; 
-1,1901e-06; 1,06337; 20,2103; 
-1,1901e-06; 1,06306; 20,2083; 
-1,1901e-06; 1,06275; 20,2063; 
-1,1901e-06; 1,06244; 20,2044; 
-1,1901e-06; 1,06213; 20,2025; 
-1,1901e-06; 1,06183; 20,2006; 
-1,1901e-06; 1,06153; 20,1987; 
-1,1901e-06; 1,06122; 20,1969; 
-1,1901e-06; 1,06092; 20,195; 
-1,1901e-06; 1,06062; 20,1932; 
-1,1901e-06; 1,06032; 20,1914; 
-1,1901e-06; 1,06003; 20,1896; 
-1,1901e-06; 1,05973; 20,1878; 
-1,1901e-06; 1,05944; 20,186; 
-1,1901e-06; 1,05915; 20,1843; 
-1,1901e-06; 1,05886; 20,1825; 
-1,1901e-06; 1,05857; 20,1808; 
-1,1901e-06; 1,05828; 20,1791; 
-1,1901e-06; 1,05799; 20,1774; 
-1,1901e-06; 1,05771; 20,1758; 
-1,1901e-06; 1,05742; 20,1741; 
-1,1901e-06; 1,05714; 20,1725; 
-1,1901e-06; 1,05686; 20,1709; 
-1,1901e-06; 1,05658; 20,1693; 
-1,1901e-06; 1,0563; 20,1677; 
-1,1901e-06; 1,05603; 20,1661; 
-1,1901e-06; 1,05575; 20,1645; 
-1,1901e-06; 1,05548; 20,163; 
-1,1901e-06; 1,0552; 20,1614; 
-1,1901e-06; 1,05493; 20,1599; 
-1,1901e-06; 1,05466; 20,1584; 
-1,1901e-06; 1,05439; 20,1569; 
-1,1901e-06; 1,05412; 20,1554; 
-1,1901e-06; 1,05386; 20,1539; 
-1,1901e-06; 1,05359; 20,1525; 
-1,1901e-06; 1,05333; 20,1511; 
-1,1901e-06; 1,05307; 20,1496; 
-1,1901e-06; 1,0528; 20,1482; 
-1,1901e-06; 1,05255; 20,1468; 
-1,1901e-06; 1,05229; 20,1454; 
-1,1901e-06; 1,05203; 20,144; 
-1,1901e-06; 1,05177; 20,1427; 
-1,1901e-06; 1,05152; 20,1413; 
-1,1901e-06; 1,05126; 20,14; 
-1,1901e-06; 1,05101; 20,1387; 
-1,1901e-06; 1,05076; 20,1374; 
-1,1901e-06; 1,05051; 20,1361; 
-1,1901e-06; 1,05026; 20,1348; 
-1,1901e-06; 1,05001; 20,1335; 
-1,1901e-06; 1,04977; 20,1322; 
-1,1901e-06; 1,04952; 20,131; 
-1,1901e-06; 1,04928; 20,1297; 
-1,1901e-06; 1,04904; 20,1285; 
-1,1901e-06; 1,04879; 20,1273; 
-1,1901e-06; 1,04855; 20,1261; 
-1,1901e-06; 1,04831; 20,1249; 
-1,1901e-06; 1,04808; 20,1237; 
-1,1901e-06; 1,04784; 20,1225; 
-1,1901e-06; 1,0476; 20,1213; 
-1,1901e-06; 1,04737; 20,1202; 
-1,1901e-06; 1,04713; 20,1191; 
-1,1901e-06; 1,0469; 20,1179; 
-1,1901e-06; 1,04667; 20,1168; 
-1,1901e-06; 1,04644; 20,1157; 
-1,1901e-06; 1,04621; 20,1146; 
-1,1901e-06; 1,04598; 20,1135; 
-1,1901e-06; 1,04576; 20,1124; 
-1,1901e-06; 1,04553; 20,1113; 
-1,1901e-06; 1,04531; 20,1103; 
-1,1901e-06; 1,04508; 20,1092; 
-1,1901e-06; 1,04486; 20,1082; 
-1,1901e-06; 1,04464; 20,1072; 
-1,1901e-06; 1,04442; 20,1061; 
-1,1901e-06; 1,0442; 20,1051; 
-1,1901e-06; 1,04398; 20,1041; 
-1,1901e-06; 1,04377; 20,1031; 
-1,1901e-06; 1,04355; 20,1022; 
-1,1901e-06; 1,04333; 20,1012; 
-1,1901e-06; 1,04312; 20,1002; 
-1,1901e-06; 1,04291; 20,0993; 
-1,1901e-06; 1,0427; 20,0983; 
-1,1901e-06; 1,04249; 20,0974; 
-1,1901e-06; 1,04228; 20,0964; 
-1,1901e-06; 1,04207; 20,0955; 
-1,1901e-06; 1,04186; 20,0946; 
-1,1901e-06; 1,04165; 20,0937; 
-1,1901e-06; 1,04145; 20,0928; 
-1,1901e-06; 1,04124; 20,0919; 
-1,1901e-06; 1,04104; 20,091; 
-1,1901e-06; 1,04084; 20,0902; 
-1,1901e-06; 1,04063; 20,0893; 
-1,1901e-06; 1,04043; 20,0885; 
-1,1901e-06; 1,04023; 20,0876; 
-1,1901e-06; 1,04004; 20,0868; 
-1,1901e-06; 1,03984; 20,0859; 
-1,1901e-06; 1,03964; 20,0851; 
-1,1901e-06; 1,03945; 20,0843; 
-1,1901e-06; 1,03925; 20,0835; 
-1,1901e-06; 1,03906; 20,0827; 
-1,1901e-06; 1,03886; 20,0819; 
-1,1901e-06; 1,03867; 20,0811; 
-1,1901e-06; 1,03848; 20,0803; 
-1,1901e-06; 1,03829; 20,0796; 
-1,1901e-06; 1,0381; 20,0788; 
-1,1901e-06; 1,03791; 20,0781; 
-1,1901e-06; 1,03773; 20,0773; 
-1,1901e-06; 1,03754; 20,0766; 
-1,1901e-06; 1,03735; 20,0758; 
-1,1901e-06; 1,03717; 20,0751; 
-1,1901e-06; 1,03699; 20,0744; 
-1,1901e-06; 1,0368; 20,0737; 
-1,1901e-06; 1,03662; 20,073; 
-1,1901e-06; 1,03644; 20,0723; 
-1,1901e-06; 1,03626; 20,0716; 
-1,1901e-06; 1,03608; 20,0709; 
-1,1901e-06; 1,0359; 20,0702; 
-1,1901e-06; 1,03572; 20,0695; 
-1,1901e-06; 1,03555; 20,0689; 
-1,1901e-06; 1,03537; 20,0682; 
-1,1901e-06; 1,0352; 20,0675; 
-1,1901e-06; 1,03502; 20,0669; 
-1,1901e-06; 1,03485; 20,0662; 
-1,1901e-06; 1,03468; 20,0656; 
-1,1901e-06; 1,03451; 20,065; 
-1,1901e-06; 1,03434; 20,0644; 
-1,1901e-06; 1,03417; 20,0637; 
-1,1901e-06; 1,034; 20,0631; 
-1,1901e-06; 1,03383; 20,0625; 
-1,1901e-06; 1,03366; 20,0619; 
-1,1901e-06; 1,0335; 20,0613; 
-1,1901e-06; 1,03333; 20,0607; 
-1,1901e-06; 1,03316; 20,0601; 
-1,1901e-06; 1,033; 20,0596; 
-1,1901e-06; 1,03284; 20,059; 
-1,1901e-06; 1,03268; 20,0584; 
-1,1901e-06; 1,03251; 20,0579; 
-1,1901e-06; 1,03235; 20,0573; 
-1,1901e-06; 1,03219; 20,0567; 
-1,1901e-06; 1,03203; 20,0562; 
-1,1901e-06; 1,03187; 20,0557; 
-1,1901e-06; 1,03172; 20,0551; 
-1,1901e-06; 1,03156; 20,0546; 
-1,1901e-06; 1,0314; 20,0541; 
-1,1901e-06; 1,03125; 20,0535; 
-1,1901e-06; 1,03109; 20,053; 
-1,1901e-06; 1,03094; 20,0525; 
-1,1901e-06; 1,03079; 20,052; 
-1,1901e-06; 1,03063; 20,0515; 
-1,1901e-06; 1,03048; 20,051; 
-1,1901e-06; 1,03033; 20,0505; 
-1,1901e-06; 1,03018; 20,05; 
-1,1901e-06; 1,03003; 20,0495; 
-1,1901e-06; 1,02988; 20,0491; 
-1,1901e-06; 1,02974; 20,0486; 
-1,1901e-06; 1,02959; 20,0481; 
-1,1901e-06; 1,02944; 20,0477; 
-1,1901e-06; 1,0293; 20,0472; 
-1,1901e-06; 1,02915; 20,0467; 
-1,1901e-06; 1,02901; 20,0463; 
-1,1901e-06; 1,02886; 20,0458; 
-1,1901e-06; 1,02872; 20,0454; 
-1,1901e-06; 1,02858; 20,045; 
-1,1901e-06; 1,02844; 20,0445; 
-1,1901e-06; 1,0283; 20,0441; 
-1,1901e-06; 1,02816; 20,0437; 
-1,1901e-06; 1,02802; 20,0432; 
-1,1901e-06; 1,02788; 20,0428; 
-1,1901e-06; 1,02774; 20,0424; 
-1,1901e-06; 1,0276; 20,042; 
-1,1901e-06; 1,02747; 20,0416; 
-1,1901e-06; 1,02733; 20,0412; 
-1,1901e-06; 1,02719; 20,0408; 
-1,1901e-06; 1,02706; 20,0404; 
-1,1901e-06; 1,02692; 20,04; 
-1,1901e-06; 1,02679; 20,0396; 
-1,1901e-06; 1,02666; 20,0392; 
-1,1901e-06; 1,02653; 20,0388; 
-1,1901e-06; 1,0264; 20,0385; 
-1,1901e-06; 1,02626; 20,0381; 
-1,1901e-06; 1,02613; 20,0377; 
-1,1901e-06; 1,026; 20,0374; 
-1,1901e-06; 1,02588; 20,037; 
-1,1901e-06; 1,02575; 20,0366; 
-1,1901e-06; 1,02562; 20,0363; 
-1,1901e-06; 1,02549; 20,0359; 
-1,1901e-06; 1,02537; 20,0356; 
-1,1901e-06; 1,02524; 20,0352; 
-1,1901e-06; 1,02512; 20,0349; 
-1,1901e-06; 1,02499; 20,0346; 
-1,1901e-06; 1,02487; 20,0342; 
-1,1901e-06; 1,02474; 20,0339; 
-1,1901e-06; 1,02462; 20,0336; 
-1,1901e-06; 1,0245; 20,0332; 
-1,1901e-06; 1,02438; 20,0329; 
-1,1901e-06; 1,02426; 20,0326; 
-1,1901e-06; 1,02414; 20,0323; 
-1,1901e-06; 1,02402; 20,032; 
-1,1901e-06; 1,0239; 20,0317; 
-1,1901e-06; 1,02378; 20,0313; 
-1,1901e-06; 1,02366; 20,031; 
-1,1901e-06; 1,02354; 20,0307; 
-1,1901e-06; 1,02343; 20,0304; 
-1,1901e-06; 1,02331; 20,0301; 
-1,1901e-06; 1,0232; 20,0299; 
-1,1901e-06; 1,02308; 20,0296; 
-1,1901e-06; 1,02297; 20,0293; 
-1,1901e-06; 1,02285; 20,029; 
-1,1901e-06; 1,02274; 20,0287; 
-1,1901e-06; 1,02263; 20,0284; 
-1,1901e-06; 1,02251; 20,0282; 
-1,1901e-06; 1,0224; 20,0279; 
-1,1901e-06; 1,02229; 20,0276; 
-1,1901e-06; 1,02218; 20,0273; 
-1,1901e-06; 1,02207; 20,0271; 
-1,1901e-06; 1,02196; 20,0268; 
-1,1901e-06; 1,02185; 20,0265; 
-1,1901e-06; 1,02174; 20,0263; 
-1,1901e-06; 1,02164; 20,026; 
-1,1901e-06; 1,02153; 20,0258; 
-1,1901e-06; 1,02142; 20,0255; 
-1,1901e-06; 1,02132; 20,0253; 
-1,1901e-06; 1,02121; 20,025; 
-1,1901e-06; 1,02111; 20,0248; 
-1,1901e-06; 1,021; 20,0245; 
-1,1901e-06; 1,0209; 20,0243; 
-1,1901e-06; 1,02079; 20,0241; 
-1,1901e-06; 1,02069; 20,0238; 
-1,1901e-06; 1,02059; 20,0236; 
-1,1901e-06; 1,02048; 20,0234; 
-1,1901e-06; 1,02038; 20,0231; 
-1,1901e-06; 1,02028; 20,0229; 
-1,1901e-06; 1,02018; 20,0227; 
-1,1901e-06; 1,02008; 20,0225; 
-1,1901e-06; 1,01998; 20,0223; 
-1,1901e-06; 1,01988; 20,022; 
-1,1901e-06; 1,01978; 20,0218; 
-1,1901e-06; 1,01969; 20,0216; 
-1,1901e-06; 1,01959; 20,0214; 
-1,1901e-06; 1,01949; 20,0212; 
-1,1901e-06; 1,01939; 20,021; 
-1,1901e-06; 1,0193; 20,0208; 
-1,1901e-06; 1,0192; 20,0206; 
-1,1901e-06; 1,01911; 20,0204; 
-1,1901e-06; 1,01901; 20,0202; 
-1,1901e-06; 1,01892; 20,02; 
-1,1901e-06; 1,01882; 20,0198; 
-1,1901e-06; 1,01873; 20,0196; 
-1,1901e-06; 1,01864; 20,0194; 
-1,1901e-06; 1,01854; 20,0192; 
-1,1901e-06; 1,01845; 20,019; 
-1,1901e-06; 1,01836; 20,0188; 
-1,1901e-06; 1,01827; 20,0187; 
-1,1901e-06; 1,01818; 20,0185; 
-1,1901e-06; 1,01809; 20,0183; 
-1,1901e-06; 1,018; 20,0181; 
-1,1901e-06; 1,01791; 20,0179; 
-1,1901e-06; 1,01782; 20,0178; 
-1,1901e-06; 1,01773; 20,0176; 
-1,1901e-06; 1,01764; 20,0174; 
-1,1901e-06; 1,01756; 20,0172; 
-1,1901e-06; 1,01747; 20,0171; 
-1,1901e-06; 1,01738; 20,0169; 
-1,1901e-06; 1,0173; 20,0167; 
-1,1901e-06; 1,01721; 20,0166; 
-1,1901e-06; 1,01712; 20,0164; 
-1,1901e-06; 1,01704; 20,0163; 
-1,1901e-06; 1,01696; 20,0161; 
-1,1901e-06; 1,01687; 20,0159; 
-1,1901e-06; 1,01679; 20,0158; 
-1,1901e-06; 1,0167; 20,0156; 
-1,1901e-06; 1,01662; 20,0155; 
-1,1901e-06; 1,01654; 20,0153; 
-1,1901e-06; 1,01646; 20,0152; 
-1,1901e-06; 1,01637; 20,015; 
-1,1901e-06; 1,01629; 20,0149; 
-1,1901e-06; 1,01621; 20,0147; 
-1,1901e-06; 1,01613; 20,0146; 
-1,1901e-06; 1,01605; 20,0144; 
-1,1901e-06; 1,01597; 20,0143; 
-1,1901e-06; 1,01589; 20,0142; 
-1,1901e-06; 1,01581; 20,014; 
-1,1901e-06; 1,01574; 20,0139; 
-1,1901e-06; 1,01566; 20,0138; 
-1,1901e-06; 1,01558; 20,0136; 
-1,1901e-06; 1,0155; 20,0135; 
-1,1901e-06; 1,01542; 20,0134; 
-1,1901e-06; 1,01535; 20,0132; 
-1,1901e-06; 1,01527; 20,0131; 
-1,1901e-06; 1,0152; 20,013; 
-1,1901e-06; 1,01512; 20,0128; 
-1,1901e-06; 1,01505; 20,0127; 
-1,1901e-06; 1,01497; 20,0126; 
-1,1901e-06; 1,0149; 20,0125; 
-1,1901e-06; 1,01482; 20,0123; 
-1,1901e-06; 1,01475; 20,0122; 
-1,1901e-06; 1,01468; 20,0121; 
-1,1901e-06; 1,0146; 20,012; 
-1,1901e-06; 1,01453; 20,0119; 
-1,1901e-06; 1,01446; 20,0117; 
-1,1901e-06; 1,01439; 20,0116; 
-1,1901e-06; 1,01431; 20,0115; 
-1,1901e-06; 1,01424; 20,0114; 
-1,1901e-06; 1,01417; 20,0113; 
-1,1901e-06; 1,0141; 20,0112; 
-1,1901e-06; 1,01403; 20,0111; 
-1,1901e-06; 1,01396; 20,011; 
-1,1901e-06; 1,01389; 20,0109; 
-1,1901e-06; 1,01382; 20,0107; 
-1,1901e-06; 1,01376; 20,0106; 
-1,1901e-06; 1,01369; 20,0105; 
-1,1901e-06; 1,01362; 20,0104; 
-1,1901e-06; 1,01355; 20,0103; 
-1,1901e-06; 1,01348; 20,0102; 
-1,1901e-06; 1,01342; 20,0101; 
-1,1901e-06; 1,01335; 20,01; 
-1,1901e-06; 1,01328; 20,0099; 
-1,1901e-06; 1,01322; 20,0098; 
-1,1901e-06; 1,01315; 20,0097; 
-1,1901e-06; 1,01309; 20,0096; 
-1,1901e-06; 1,01302; 20,0095; 
-1,1901e-06; 1,01296; 20,0095; 
-1,1901e-06; 1,01289; 20,0094; 
-1,1901e-06; 1,01283; 20,0093; 
-1,1901e-06; 1,01276; 20,0092; 
-1,1901e-06; 1,0127; 20,0091; 
-1,1901e-06; 1,01264; 20,009; 
-1,1901e-06; 1,01258; 20,0089; 
-1,1901e-06; 1,01251; 20,0088; 
-1,1901e-06; 1,01245; 20,0087; 
-1,1901e-06; 1,01239; 20,0087; 
-1,1901e-06; 1,01233; 20,0086; 
-1,1901e-06; 1,01227; 20,0085; 
-1,1901e-06; 1,0122; 20,0084; 
-1,1901e-06; 1,01214; 20,0083; 
-1,1901e-06; 1,01208; 20,0082; 
-1,1901e-06; 1,01202; 20,0082; 
-1,1901e-06; 1,01196; 20,0081; 
-1,1901e-06; 1,0119; 20,008; 
-1,1901e-06; 1,01185; 20,0079; 
-1,1901e-06; 1,01179; 20,0078; 
-1,1901e-06; 1,01173; 20,0078; 
-1,1901e-06; 1,01167; 20,0077; 
-1,1901e-06; 1,01161; 20,0076; 
-1,1901e-06; 1,01155; 20,0075; 
-1,1901e-06; 1,0115; 20,0075; 
-1,1901e-06; 1,01144; 20,0074; 
-1,1901e-06; 1,01138; 20,0073; 
-1,1901e-06; 1,01133; 20,0072; 
-1,1901e-06; 1,01127; 20,0072; 
-1,1901e-06; 1,01121; 20,0071; 
-1,1901e-06; 1,01116; 20,007; 
-1,1901e-06; 1,0111; 20,007; 
-1,1901e-06; 1,01105; 20,0069; 
-1,1901e-06; 1,01099; 20,0068; 
-1,1901e-06; 1,01094; 20,0068; 
-1,1901e-06; 1,01088; 20,0067; 
-1,1901e-06; 1,01083; 20,0066; 
-1,1901e-06; 1,01077; 20,0066; 
-1,1901e-06; 1,01072; 20,0065; 
-1,1901e-06; 1,01067; 20,0064; 
-1,1901e-06; 1,01061; 20,0064; 
-1,1901e-06; 1,01056; 20,0063; 
-1,1901e-06; 1,01051; 20,0062; 
-1,1901e-06; 1,01046; 20,0062; 
-1,1901e-06; 1,01041; 20,0061; 
-1,1901e-06; 1,01035; 20,0061; 
-1,1901e-06; 1,0103; 20,006; 
-1,1901e-06; 1,01025; 20,0059; 
-1,1901e-06; 1,0102; 20,0059; 
-1,1901e-06; 1,01015; 20,0058; 
-1,1901e-06; 1,0101; 20,0058; 
-1,1901e-06; 1,01005; 20,0057; 
-1,1901e-06; 1,01; 20,0057; 
-1,1901e-06; 1,00995; 20,0056; 
-1,1901e-06; 1,0099; 20,0055; 
-1,1901e-06; 1,00985; 20,0055; 
-1,1901e-06; 1,0098; 20,0054; 
-1,1901e-06; 1,00975; 20,0054; 
-1,1901e-06; 1,0097; 20,0053; 
-1,1901e-06; 1,00966; 20,0053; 
-1,1901e-06; 1,00961; 20,0052; 
-1,1901e-06; 1,00956; 20,0052; 
-1,1901e-06; 1,00951; 20,0051; 
-1,1901e-06; 1,00946; 20,0051; 
-1,1901e-06; 1,00942; 20,005; 
-1,1901e-06; 1,00937; 20,005; 
-1,1901e-06; 1,00932; 20,0049; 
-1,1901e-06; 1,00928; 20,0049; 
-1,1901e-06; 1,00923; 20,0048; 
-1,1901e-06; 1,00919; 20,0048; 
-1,1901e-06; 1,00914; 20,0047; 
-1,1901e-06; 1,00909; 20,0047; 
-1,1901e-06; 1,00905; 20,0046; 
-1,1901e-06; 1,009; 20,0046; 
-1,1901e-06; 1,00896; 20,0045; 
-1,1901e-06; 1,00891; 20,0045; 
-1,1901e-06; 1,00887; 20,0045; 
-1,1901e-06; 1,00883; 20,0044; 
-1,1901e-06; 1,00878; 20,0044; 
-1,1901e-06; 1,00874; 20,0043; 
-1,1901e-06; 1,0087; 20,0043; 
-1,1901e-06; 1,00865; 20,0042; 
-1,1901e-06; 1,00861; 20,0042; 
-1,1901e-06; 1,00857; 20,0042; 
-1,1901e-06; 1,00852; 20,0041; 
-1,1901e-06; 1,00848; 20,0041; 
-1,1901e-06; 1,00844; 20,004; 
-1,1901e-06; 1,0084; 20,004; 
-1,1901e-06; 1,00836; 20,004; 
-1,1901e-06; 1,00831; 20,0039; 
-1,1901e-06; 1,00827; 20,0039; 
-1,1901e-06; 1,00823; 20,0038; 
-1,1901e-06; 1,00819; 20,0038; 
-1,1901e-06; 1,00815; 20,0038; 
-1,1901e-06; 1,00811; 20,0037; 
-1,1901e-06; 1,00807; 20,0037; 
-1,1901e-06; 1,00803; 20,0037; 
-1,1901e-06; 1,00799; 20,0036; 
-1,1901e-06; 1,00795; 20,0036; 
-1,1901e-06; 1,00791; 20,0035; 
-1,1901e-06; 1,00787; 20,0035; 
-1,1901e-06; 1,00783; 20,0035; 
-1,1901e-06; 1,00779; 20,0034; 
-1,1901e-06; 1,00775; 20,0034; 
-1,1901e-06; 1,00771; 20,0034; 
-1,1901e-06; 1,00768; 20,0033; 
-1,1901e-06; 1,00764; 20,0033; 
-1,1901e-06; 1,0076; 20,0033; 
-1,1901e-06; 1,00756; 20,0032; 
-1,1901e-06; 1,00752; 20,0032; 
-1,1901e-06; 1,00749; 20,0032; 
-1,1901e-06; 1,00745; 20,0031; 
-1,1901e-06; 1,00741; 20,0031; 
-1,1901e-06; 1,00738; 20,0031; 
-1,1901e-06; 1,00734; 20,0031; 
-1,1901e-06; 1,0073; 20,003; 
-1,1901e-06; 1,00727; 20,003; 
-1,1901e-06; 1,00723; 20,003; 
-1,1901e-06; 1,00719; 20,0029; 
-1,1901e-06; 1,00716; 20,0029; 
-1,1901e-06; 1,00712; 20,0029; 
-1,1901e-06; 1,00709; 20,0029; 
-1,1901e-06; 1,00705; 20,0028; 
-1,1901e-06; 1,00702; 20,0028; 
-1,1901e-06; 1,00698; 20,0028; 
-1,1901e-06; 1,00695; 20,0027; 
-1,1901e-06; 1,00691; 20,0027; 
-1,1901e-06; 1,00688; 20,0027; 
-1,1901e-06; 1,00684; 20,0027; 
-1,1901e-06; 1,00681; 20,0026; 
-1,1901e-06; 1,00678; 20,0026; 
-1,1901e-06; 1,00674; 20,0026; 
-1,1901e-06; 1,00671; 20,0026; 
-1,1901e-06; 1,00667; 20,0025; 
-1,1901e-06; 1,00664; 20,0025; 
-1,1901e-06; 1,00661; 20,0025; 
-1,1901e-06; 1,00658; 20,0025; 
-1,1901e-06; 1,00654; 20,0024; 
-1,1901e-06; 1,00651; 20,0024; 
-1,1901e-06; 1,00648; 20,0024; 
-1,1901e-06; 1,00645; 20,0024; 
-1,1901e-06; 1,00641; 20,0023; 
-1,1901e-06; 1,00638; 20,0023; 
-1,1901e-06; 1,00635; 20,0023; 
-1,1901e-06; 1,00632; 20,0023; 
-1,1901e-06; 1,00629; 20,0022; 
-1,1901e-06; 1,00626; 20,0022; 
-1,1901e-06; 1,00622; 20,0022; 
-1,1901e-06; 1,00619; 20,0022; 
-1,1901e-06; 1,00616; 20,0022; 
-1,1901e-06; 1,00613; 20,0021; 
-1,1901e-06; 1,0061; 20,0021; 
-1,1901e-06; 1,00607; 20,0021; 
-1,1901e-06; 1,00604; 20,0021; 
-1,1901e-06; 1,00601; 20,0021; 
-1,1901e-06; 1,00598; 20,002; 
-1,1901e-06; 1,00595; 20,002; 
-1,1901e-06; 1,00592; 20,002; 
-1,1901e-06; 1,00589; 20,002; 
-1,1901e-06; 1,00586; 20,002; 
-1,1901e-06; 1,00583; 20,0019; 
-1,1901e-06; 1,0058; 20,0019; 
-1,1901e-06; 1,00578; 20,0019; 
-1,1901e-06; 1,00575; 20,0019; 
-1,1901e-06; 1,00572; 20,0019; 
-1,1901e-06; 1,00569; 20,0018; 
-1,1901e-06; 1,00566; 20,0018; 
-1,1901e-06; 1,00563; 20,0018; 
-1,1901e-06; 1,00561; 20,0018; 
-1,1901e-06; 1,00558; 20,0018; 
-1,1901e-06; 1,00555; 20,0018; 
-1,1901e-06; 1,00552; 20,0017; 
-1,1901e-06; 1,00549; 20,0017; 
-1,1901e-06; 1,00547; 20,0017; 
-1,1901e-06; 1,00544; 20,0017; 
-1,1901e-06; 1,00541; 20,0017; 
-1,1901e-06; 1,00539; 20,0017; 
-1,1901e-06; 1,00536; 20,0016; 
-1,1901e-06; 1,00533; 20,0016; 
-1,1901e-06; 1,00531; 20,0016; 
-1,1901e-06; 1,00528; 20,0016; 
-1,1901e-06; 1,00525; 20,0016; 
-1,1901e-06; 1,00523; 20,0016; 
-1,1901e-06; 1,0052; 20,0015; 
-1,1901e-06; 1,00517; 20,0015; 
-1,1901e-06; 1,00515; 20,0015; 
-1,1901e-06; 1,00512; 20,0015; 
-1,1901e-06; 1,0051; 20,0015; 
-1,1901e-06; 1,00507; 20,0015; 
-1,1901e-06; 1,00505; 20,0015; 
-1,1901e-06; 1,00502; 20,0014; 
-1,1901e-06; 1,005; 20,0014; 
-1,1901e-06; 1,00497; 20,0014; 
-1,1901e-06; 1,00495; 20,0014; 
-1,1901e-06; 1,00492; 20,0014; 
-1,1901e-06; 1,0049; 20,0014; 
-1,1901e-06; 1,00487; 20,0014; 
-1,1901e-06; 1,00485; 20,0013; 
-1,1901e-06; 1,00483; 20,0013; 
-1,1901e-06; 1,0048; 20,0013; 
-1,1901e-06; 1,00478; 20,0013; 
-1,1901e-06; 1,00475; 20,0013; 
-1,1901e-06; 1,00473; 20,0013; 
-1,1901e-06; 1,00471; 20,0013; 
-1,1901e-06; 1,00468; 20,0012; 
-1,1901e-06; 1,00466; 20,0012; 
-1,1901e-06; 1,00464; 20,0012; 
-1,1901e-06; 1,00461; 20,0012; 
-1,1901e-06; 1,00459; 20,0012; 
-1,1901e-06; 1,00457; 20,0012; 
-1,1901e-06; 1,00455; 20,0012; 
-1,1901e-06; 1,00452; 20,0012; 
-1,1901e-06; 1,0045; 20,0012; 
-1,1901e-06; 1,00448; 20,0011; 
-1,1901e-06; 1,00446; 20,0011; 
-1,1901e-06; 1,00443; 20,0011; 
-1,1901e-06; 1,00441; 20,0011; 
-1,1901e-06; 1,00439; 20,0011; 
-1,1901e-06; 1,00437; 20,0011; 
-1,1901e-06; 1,00435; 20,0011; 
-1,1901e-06; 1,00432; 20,0011; 
-1,1901e-06; 1,0043; 20,0011; 
-1,1901e-06; 1,00428; 20,001; 
-1,1901e-06; 1,00426; 20,001; 
-1,1901e-06; 1,00424; 20,001; 
-1,1901e-06; 1,00422; 20,001; 
-1,1901e-06; 1,0042; 20,001; 
-1,1901e-06; 1,00418; 20,001; 
-1,1901e-06; 1,00415; 20,001; 
-1,1901e-06; 1,00413; 20,001; 
-1,1901e-06; 1,00411; 20,001; 
-1,1901e-06; 1,00409; 20,001; 
-1,1901e-06; 1,00407; 20,0009; 
-1,1901e-06; 1,00405; 20,0009; 
-1,1901e-06; 1,00403; 20,0009; 

